,audio_rms_vec,target
0,"1792, 1678, 1584, 1533, 1469, 1367, 1282, 1251, 1170, 1128, 1010, 954, 905, 872, 849, 764, 686, 689, 629, 620, 592, 551, 562, 563, 480, 442, 444, 437, 441, 370, 321, 284, 278, 263, 226, 216, 229, 235, 179, 182, 185, 248, 297, 297, 283, 266, 269, 268, 307, 365, 462, 543, 602, 546, 629, 816, 854, 839, 757, 873, 833, 700, 575, 530, 509, 451, 438, 297, 286, 278, 213, 147, 187, 169, 176, 211, 159, 234, 265, 287, 262, 254, 221, 236, 269, 236, 282, 296, 318, 283, 239, 296, 281, 283, 298, 259, 299, 340, 316, 330, 340, 353, 332, 320, 267, 287, 269, 258, 260, 253, 306, 279, 214, 221, 184, 237, 235, 213, 224, 222, 230, 216, 176, 149, 217, 205, 172, 168",yes
0,"92, 77, 79, 65, 73, 68, 59, 37, 27, 83, 104, 113, 54, 49, 42, 87, 80, 68, 74, 55, 106, 47, 73, 69, 88, 77, 73, 41, 30, 30, 35, 47, 21, 45, 48, 25, 36, 24, 41, 46, 38, 32, 29, 35, 26, 35, 33, 48, 54, 26, 23, 44, 31, 52, 63, 86, 80, 105, 139, 141, 141, 173, 193, 204, 189, 175, 201, 281, 338, 397, 440, 476, 456, 427, 488, 524, 497, 500, 483, 472, 451, 424, 460, 405, 376, 346, 318, 213, 120, 111, 118, 151, 155, 170, 186, 160, 197, 177, 162, 165, 151, 151, 155, 151, 130, 143, 136, 130, 138, 109, 82, 99, 91, 93, 96, 108, 101, 102, 65, 81, 63, 73, 87, 67, 53, 58, 48, 34",yes
0,"65, 34, 36, 48, 56, 23, 44, 37, 34, 36, 32, 23, 56, 39, 33, 46, 31, 63, 22, 29, 37, 51, 59, 42, 34, 34, 45, 31, 34, 33, 41, 50, 28, 38, 49, 52, 75, 55, 34, 43, 29, 36, 27, 28, 34, 70, 50, 25, 21, 29, 54, 34, 30, 25, 31, 55, 63, 71, 129, 104, 105, 125, 121, 122, 105, 119, 156, 192, 213, 269, 325, 389, 420, 444, 473, 496, 549, 630, 794, 955, 1131, 1302, 1379, 1209, 1116, 1230, 1256, 1406, 1373, 1394, 1412, 1409, 1385, 1548, 1471, 1209, 971, 764, 489, 327, 281, 323, 488, 478, 431, 455, 437, 575, 406, 430, 351, 453, 428, 408, 265, 246, 259, 261, 257, 308, 297, 316, 318, 363, 367, 400, 418, 452",yes
0,"90, 85, 30, 42, 50, 57, 80, 104, 117, 89, 78, 72, 66, 104, 85, 73, 69, 73, 99, 90, 99, 82, 98, 75, 41, 38, 50, 75, 78, 63, 30, 45, 70, 66, 23, 36, 38, 53, 34, 36, 54, 73, 92, 75, 64, 109, 135, 148, 183, 190, 224, 227, 232, 217, 251, 241, 239, 230, 264, 313, 365, 387, 354, 355, 400, 420, 456, 484, 517, 541, 530, 501, 482, 455, 411, 321, 270, 213, 159, 118, 127, 138, 138, 153, 218, 187, 176, 154, 174, 153, 165, 149, 136, 171, 160, 203, 165, 180, 205, 161, 123, 131, 164, 151, 162, 134, 125, 131, 121, 146, 155, 180, 194, 183, 145, 129, 160, 172, 185, 183, 156, 146, 136, 135, 104, 179, 151, 151",yes
0,"77, 37, 25, 41, 55, 19, 39, 55, 44, 31, 36, 67, 63, 78, 34, 28, 22, 51, 90, 81, 60, 35, 79, 67, 80, 106, 105, 137, 143, 171, 204, 204, 203, 206, 226, 250, 274, 254, 270, 287, 291, 312, 323, 346, 383, 383, 393, 380, 363, 334, 307, 285, 262, 235, 166, 127, 146, 119, 124, 132, 146, 138, 181, 172, 173, 141, 149, 158, 141, 127, 147, 138, 125, 148, 134, 136, 111, 109, 121, 113, 128, 116, 85, 113, 97, 80, 99, 67, 66, 59, 65, 46, 54, 43, 50, 32, 31, 32, 32, 31, 36, 25, 27, 39, 41, 39, 41, 24, 19, 24, 32, 49, 38, 31, 25, 28, 22, 21, 46, 34, 22, 35, 42, 45, 25, 36, 28, 97",yes
0,"162, 166, 191, 205, 186, 182, 170, 150, 206, 227, 230, 233, 248, 294, 284, 268, 267, 237, 203, 204, 182, 152, 177, 120, 115, 85, 77, 74, 131, 135, 146, 120, 117, 122, 139, 151, 197, 133, 167, 181, 173, 163, 143, 152, 134, 140, 146, 164, 148, 122, 106, 126, 120, 120, 97, 65, 71, 66, 62, 59, 66, 45, 48, 61, 47, 45, 30, 38, 61, 62, 50, 72, 46, 74, 82, 88, 75, 63, 86, 30, 18, 37, 34, 67, 57, 61, 63, 67, 55, 86, 77, 76, 94, 93, 103, 72, 65, 68, 131, 75, 78, 85, 108, 90, 71, 93, 129, 139, 146, 82, 50, 51, 102, 77, 98, 87, 113, 57, 26, 35, 19, 52, 91, 81, 68, 82, 82, 94",yes
0,"57, 94, 94, 84, 107, 145, 148, 149, 164, 160, 153, 148, 106, 95, 80, 104, 86, 85, 114, 131, 150, 133, 75, 74, 87, 141, 167, 218, 258, 342, 365, 425, 458, 411, 298, 208, 223, 275, 280, 277, 297, 332, 373, 328, 328, 301, 307, 329, 332, 396, 406, 345, 259, 191, 202, 206, 149, 124, 154, 186, 171, 152, 116, 109, 113, 133, 122, 111, 124, 143, 127, 123, 116, 104, 106, 88, 107, 101, 95, 99, 84, 84, 63, 63, 54, 74, 69, 72, 111, 134, 133, 84, 46, 36, 45, 81, 58, 61, 52, 57, 40, 31, 34, 48, 63, 39, 28, 32, 23, 23, 32, 37, 36, 32, 29, 85, 125, 69, 69, 72, 67, 105, 45, 78, 70, 81, 80, 96",yes
0,"142, 131, 142, 139, 141, 117, 137, 109, 124, 124, 122, 123, 134, 111, 109, 115, 87, 108, 110, 94, 92, 94, 87, 73, 77, 99, 109, 78, 115, 77, 65, 77, 58, 88, 50, 34, 38, 36, 43, 68, 51, 39, 43, 66, 45, 76, 86, 67, 119, 143, 149, 127, 119, 105, 139, 111, 111, 110, 84, 123, 85, 71, 70, 81, 80, 104, 69, 58, 86, 47, 69, 47, 66, 56, 31, 67, 47, 30, 77, 105, 59, 24, 26, 43, 47, 30, 26, 34, 46, 59, 129, 116, 108, 48, 36, 60, 97, 51, 43, 51, 30, 34, 25, 37, 33, 46, 43, 28, 42, 31, 29, 23, 29, 57, 44, 29, 24, 38, 46, 44, 37, 30, 31, 33, 50, 90, 38, 33",yes
0,"91, 51, 43, 63, 76, 75, 91, 139, 127, 148, 113, 134, 156, 152, 166, 115, 94, 107, 140, 122, 43, 33, 25, 30, 45, 33, 38, 30, 22, 61, 59, 61, 24, 34, 35, 23, 34, 28, 36, 109, 323, 364, 360, 397, 372, 319, 346, 355, 358, 284, 296, 370, 393, 417, 518, 582, 675, 723, 706, 803, 826, 651, 481, 445, 536, 416, 299, 298, 253, 256, 270, 219, 200, 210, 180, 238, 261, 231, 245, 261, 225, 233, 223, 221, 203, 148, 148, 156, 150, 153, 119, 119, 113, 111, 116, 119, 79, 66, 56, 57, 63, 76, 87, 97, 92, 53, 28, 32, 24, 33, 27, 28, 35, 23, 57, 69, 44, 64, 45, 43, 36, 37, 41, 24, 27, 58, 59, 60",yes
0,"25, 29, 34, 38, 34, 58, 59, 34, 50, 45, 27, 49, 40, 39, 29, 25, 29, 31, 25, 53, 50, 31, 24, 41, 24, 22, 26, 35, 44, 75, 106, 160, 202, 210, 226, 246, 268, 279, 282, 310, 330, 313, 322, 322, 310, 271, 255, 292, 285, 253, 234, 232, 228, 237, 234, 226, 216, 193, 159, 104, 86, 110, 109, 108, 104, 102, 81, 104, 150, 147, 139, 153, 160, 157, 121, 153, 150, 138, 125, 84, 87, 85, 106, 81, 63, 81, 102, 114, 60, 55, 65, 69, 77, 60, 40, 30, 33, 37, 36, 25, 36, 29, 27, 32, 47, 33, 39, 44, 34, 29, 30, 27, 30, 26, 50, 49, 62, 50, 33, 33, 34, 32, 48, 41, 50, 68, 54, 44",yes
0,"65, 78, 57, 31, 47, 66, 88, 99, 74, 34, 29, 41, 69, 75, 51, 40, 24, 35, 23, 40, 25, 34, 28, 65, 88, 86, 90, 80, 73, 96, 155, 142, 145, 175, 187, 171, 174, 187, 177, 197, 222, 235, 239, 219, 231, 238, 245, 247, 220, 197, 200, 249, 238, 229, 256, 236, 225, 245, 210, 200, 205, 142, 123, 139, 126, 135, 120, 129, 115, 104, 110, 124, 158, 156, 190, 191, 203, 207, 175, 179, 204, 225, 171, 128, 116, 124, 154, 114, 108, 97, 76, 70, 65, 70, 80, 103, 87, 58, 61, 52, 72, 50, 62, 73, 55, 45, 66, 89, 71, 39, 54, 56, 52, 37, 55, 72, 77, 32, 42, 35, 26, 50, 60, 44, 45, 25, 27, 31",yes
0,"577, 603, 574, 560, 567, 553, 488, 516, 467, 341, 325, 263, 168, 130, 120, 120, 125, 128, 146, 127, 134, 147, 161, 147, 179, 192, 158, 149, 98, 87, 106, 104, 107, 84, 98, 122, 102, 95, 99, 82, 88, 80, 73, 62, 57, 52, 58, 64, 48, 53, 58, 65, 42, 39, 32, 29, 58, 32, 52, 59, 43, 60, 60, 72, 89, 73, 73, 46, 25, 67, 86, 85, 67, 57, 49, 37, 37, 29, 25, 39, 51, 31, 52, 64, 69, 58, 102, 156, 145, 147, 152, 159, 166, 164, 135, 138, 131, 118, 87, 40, 52, 56, 58, 48, 25, 46, 41, 27, 22, 38, 46, 32, 46, 39, 27, 26, 57, 40, 46, 41, 62, 56, 54, 71, 140, 175, 136, 112",yes
0,"138, 182, 177, 168, 183, 145, 144, 128, 132, 142, 128, 119, 103, 106, 103, 98, 112, 131, 97, 92, 65, 65, 73, 79, 81, 54, 51, 82, 62, 44, 60, 46, 75, 94, 127, 142, 158, 197, 221, 309, 260, 199, 247, 269, 205, 326, 345, 380, 385, 513, 391, 421, 458, 450, 328, 311, 240, 278, 281, 233, 224, 221, 152, 161, 154, 202, 187, 192, 174, 181, 174, 159, 127, 128, 128, 160, 158, 106, 116, 101, 109, 103, 94, 88, 79, 72, 73, 71, 70, 82, 51, 42, 40, 41, 32, 46, 23, 34, 26, 29, 38, 30, 21, 51, 54, 59, 26, 32, 45, 71, 70, 85, 35, 37, 34, 40, 35, 57, 47, 34, 35, 28, 34, 32, 65, 29, 26, 22",yes
0,"57, 64, 34, 25, 35, 52, 55, 50, 30, 39, 61, 42, 24, 33, 41, 41, 60, 27, 39, 36, 24, 35, 39, 35, 46, 50, 30, 30, 31, 40, 43, 44, 70, 78, 95, 140, 169, 260, 301, 317, 303, 418, 496, 568, 499, 285, 413, 437, 395, 358, 457, 471, 463, 385, 385, 370, 353, 331, 343, 337, 359, 336, 345, 317, 260, 177, 148, 129, 163, 127, 129, 115, 140, 133, 129, 151, 115, 105, 129, 107, 166, 148, 178, 169, 161, 158, 136, 138, 190, 213, 194, 172, 137, 122, 181, 173, 184, 176, 171, 171, 118, 140, 152, 135, 125, 131, 98, 122, 125, 103, 110, 113, 122, 112, 69, 55, 51, 86, 95, 62, 62, 48, 26, 28, 44, 48, 91, 75",yes
0,"59, 59, 64, 55, 53, 38, 38, 37, 42, 46, 83, 61, 25, 47, 40, 45, 48, 46, 72, 89, 64, 43, 65, 65, 79, 99, 71, 102, 73, 90, 65, 90, 94, 116, 91, 119, 121, 130, 137, 124, 165, 144, 162, 148, 144, 138, 138, 158, 174, 175, 185, 191, 214, 204, 237, 207, 209, 255, 247, 266, 219, 151, 209, 166, 178, 182, 166, 164, 184, 221, 178, 136, 130, 138, 134, 142, 159, 137, 178, 154, 172, 181, 222, 194, 203, 184, 194, 206, 222, 190, 178, 156, 152, 152, 120, 111, 134, 115, 112, 94, 94, 71, 89, 70, 73, 54, 54, 76, 76, 54, 57, 50, 54, 77, 39, 48, 69, 100, 106, 95, 46, 48, 79, 68, 84, 37, 42, 33",yes
0,"122, 142, 138, 145, 171, 134, 181, 184, 207, 184, 205, 173, 217, 192, 199, 168, 191, 178, 161, 104, 143, 138, 175, 197, 211, 231, 237, 203, 249, 284, 268, 291, 367, 367, 374, 431, 390, 366, 467, 545, 520, 547, 478, 410, 316, 417, 264, 211, 190, 214, 128, 153, 158, 141, 136, 123, 131, 116, 132, 112, 117, 141, 133, 180, 155, 143, 144, 168, 155, 147, 102, 108, 128, 133, 109, 102, 86, 113, 124, 125, 106, 84, 93, 81, 84, 92, 88, 107, 72, 83, 63, 81, 94, 90, 86, 70, 95, 80, 68, 38, 51, 30, 41, 36, 40, 46, 36, 46, 59, 72, 52, 48, 60, 116, 98, 109, 115, 119, 144, 125, 98, 136, 156, 191, 167, 142, 144, 149",yes
0,"89, 88, 95, 103, 137, 160, 154, 143, 133, 196, 274, 277, 318, 309, 263, 238, 255, 326, 294, 288, 280, 269, 186, 196, 210, 168, 178, 135, 150, 135, 108, 99, 79, 115, 132, 149, 107, 72, 93, 69, 92, 86, 85, 77, 91, 115, 122, 125, 161, 153, 190, 184, 159, 149, 172, 145, 112, 96, 119, 105, 74, 76, 74, 60, 104, 56, 47, 62, 40, 61, 38, 42, 79, 85, 90, 60, 86, 80, 97, 90, 83, 128, 89, 89, 55, 36, 86, 80, 107, 65, 25, 29, 36, 38, 51, 29, 21, 38, 46, 72, 42, 37, 32, 30, 82, 80, 89, 47, 68, 54, 66, 44, 59, 108, 72, 94, 38, 46, 96, 90, 89, 67, 42, 71, 43, 38, 23, 49",yes
0,"59, 106, 103, 103, 72, 103, 125, 100, 111, 116, 183, 146, 122, 114, 140, 179, 176, 187, 199, 166, 159, 126, 131, 175, 188, 219, 217, 235, 235, 258, 318, 402, 444, 469, 506, 542, 639, 667, 579, 473, 443, 390, 432, 452, 408, 406, 406, 408, 382, 329, 378, 361, 382, 372, 417, 344, 453, 428, 461, 407, 434, 443, 445, 486, 498, 341, 339, 268, 251, 255, 226, 201, 209, 192, 162, 150, 122, 154, 146, 164, 108, 122, 122, 121, 108, 128, 129, 108, 127, 95, 110, 113, 92, 103, 103, 100, 72, 56, 42, 81, 71, 66, 30, 71, 81, 81, 42, 45, 32, 41, 36, 35, 36, 37, 30, 31, 34, 35, 57, 67, 55, 101, 109, 80, 76, 34, 31, 33",yes
0,"57, 60, 63, 54, 98, 124, 134, 136, 119, 127, 149, 106, 89, 105, 105, 142, 63, 56, 77, 117, 117, 132, 95, 109, 114, 105, 124, 135, 136, 164, 168, 160, 174, 173, 154, 188, 195, 208, 179, 195, 191, 252, 256, 280, 281, 237, 272, 282, 300, 293, 380, 329, 396, 440, 386, 431, 442, 349, 367, 348, 341, 282, 249, 312, 297, 258, 249, 227, 191, 206, 191, 195, 164, 129, 138, 106, 129, 106, 69, 80, 68, 81, 69, 87, 95, 88, 72, 73, 72, 87, 90, 77, 66, 80, 121, 105, 157, 113, 98, 95, 90, 114, 104, 111, 132, 106, 80, 54, 78, 77, 104, 100, 80, 101, 60, 53, 46, 50, 54, 83, 67, 48, 88, 62, 49, 58, 40, 52",yes
0,"49, 31, 60, 37, 37, 25, 28, 61, 73, 105, 62, 48, 52, 55, 74, 87, 60, 115, 102, 97, 113, 116, 130, 135, 123, 128, 150, 152, 129, 125, 157, 181, 183, 192, 171, 196, 196, 214, 233, 207, 269, 249, 219, 207, 206, 233, 289, 275, 297, 407, 389, 406, 437, 341, 456, 360, 373, 322, 313, 298, 370, 289, 215, 228, 209, 175, 199, 138, 138, 154, 144, 151, 148, 136, 141, 142, 142, 178, 130, 137, 166, 141, 176, 144, 163, 158, 132, 160, 119, 138, 145, 158, 137, 93, 118, 104, 135, 127, 146, 112, 133, 108, 106, 96, 142, 175, 131, 121, 78, 115, 84, 120, 122, 110, 130, 89, 74, 35, 53, 57, 115, 63, 49, 38, 36, 38, 34, 41",yes
0,"51, 56, 41, 46, 41, 34, 44, 28, 31, 41, 65, 33, 43, 57, 45, 36, 27, 43, 48, 49, 41, 51, 46, 43, 40, 36, 35, 52, 62, 77, 67, 102, 108, 120, 130, 132, 126, 158, 179, 240, 261, 263, 298, 326, 325, 337, 282, 282, 351, 296, 470, 392, 403, 501, 446, 487, 391, 441, 396, 441, 441, 448, 506, 598, 504, 416, 476, 393, 338, 273, 197, 222, 159, 175, 122, 107, 119, 132, 152, 146, 161, 174, 178, 128, 138, 135, 187, 162, 149, 134, 116, 109, 112, 152, 103, 176, 128, 112, 132, 133, 79, 95, 98, 111, 112, 118, 98, 91, 95, 82, 79, 81, 98, 81, 79, 44, 55, 55, 56, 53, 55, 56, 79, 69, 78, 51, 43, 53",yes
0,"106, 37, 43, 56, 44, 89, 70, 93, 124, 106, 99, 80, 92, 96, 101, 107, 76, 112, 102, 130, 129, 114, 138, 128, 144, 145, 185, 185, 191, 209, 217, 221, 235, 234, 221, 224, 251, 237, 246, 198, 186, 226, 259, 254, 267, 295, 271, 286, 252, 273, 333, 261, 236, 240, 213, 115, 133, 126, 131, 150, 189, 182, 177, 160, 177, 188, 184, 248, 178, 194, 196, 215, 224, 181, 153, 162, 168, 185, 181, 219, 189, 228, 226, 234, 195, 171, 167, 164, 164, 157, 196, 156, 162, 132, 163, 133, 106, 105, 85, 78, 87, 83, 64, 73, 65, 58, 52, 59, 50, 53, 39, 44, 51, 49, 31, 30, 31, 38, 33, 37, 27, 30, 53, 55, 50, 39, 63, 53",yes
0,"25, 40, 42, 30, 51, 33, 57, 27, 25, 23, 38, 63, 51, 31, 30, 33, 31, 43, 29, 50, 28, 32, 36, 30, 29, 43, 21, 22, 38, 51, 49, 76, 86, 28, 39, 37, 55, 62, 105, 88, 136, 170, 226, 283, 251, 260, 287, 284, 308, 269, 276, 326, 390, 399, 315, 387, 356, 331, 379, 281, 308, 284, 330, 246, 222, 160, 141, 144, 163, 218, 172, 176, 180, 188, 203, 148, 170, 163, 150, 190, 173, 208, 160, 202, 192, 195, 171, 153, 175, 196, 156, 179, 158, 131, 146, 147, 140, 135, 119, 131, 123, 100, 110, 112, 90, 79, 88, 94, 104, 81, 66, 84, 69, 80, 79, 71, 68, 88, 74, 58, 62, 57, 57, 65, 48, 47, 49, 41",yes
0,"76, 41, 35, 37, 71, 38, 77, 26, 45, 43, 33, 44, 32, 47, 27, 27, 49, 51, 51, 42, 31, 34, 30, 59, 68, 66, 70, 39, 43, 59, 94, 66, 138, 103, 137, 143, 92, 131, 120, 187, 210, 210, 230, 159, 165, 171, 255, 294, 290, 301, 291, 277, 232, 234, 218, 248, 269, 290, 275, 253, 305, 321, 321, 317, 355, 397, 365, 446, 451, 558, 548, 587, 667, 806, 1068, 1205, 965, 609, 463, 451, 308, 370, 307, 359, 356, 380, 386, 438, 432, 479, 415, 512, 484, 433, 409, 418, 439, 382, 374, 385, 367, 361, 317, 334, 294, 262, 278, 292, 262, 296, 272, 240, 173, 189, 178, 160, 153, 105, 99, 126, 102, 105, 112, 73, 89, 88, 105, 78",yes
0,"32, 39, 28, 30, 46, 42, 55, 38, 39, 38, 26, 36, 40, 34, 35, 36, 33, 33, 33, 41, 30, 25, 26, 36, 33, 50, 39, 49, 22, 35, 33, 43, 35, 52, 70, 35, 58, 46, 29, 39, 44, 59, 79, 64, 85, 94, 70, 40, 109, 84, 63, 84, 51, 93, 72, 66, 109, 122, 146, 109, 104, 100, 106, 68, 70, 36, 27, 49, 57, 58, 89, 97, 108, 98, 115, 109, 90, 108, 101, 113, 111, 131, 144, 158, 162, 150, 166, 175, 171, 187, 199, 213, 235, 296, 295, 261, 249, 303, 269, 314, 388, 421, 414, 386, 370, 370, 284, 358, 512, 381, 409, 340, 297, 268, 181, 242, 191, 226, 187, 180, 174, 161, 194, 233, 292, 285, 245, 219",yes
0,"62, 36, 34, 41, 57, 30, 60, 55, 62, 42, 72, 60, 103, 30, 22, 47, 81, 119, 97, 102, 92, 64, 77, 83, 125, 114, 124, 104, 76, 95, 117, 156, 134, 110, 95, 99, 85, 80, 69, 106, 122, 78, 52, 41, 41, 64, 78, 76, 83, 99, 129, 93, 82, 97, 105, 160, 146, 134, 161, 181, 184, 162, 162, 193, 208, 235, 226, 223, 272, 221, 215, 308, 292, 360, 283, 273, 331, 261, 257, 226, 185, 253, 179, 113, 172, 143, 128, 124, 122, 132, 146, 173, 155, 148, 137, 156, 134, 138, 150, 152, 121, 126, 119, 156, 153, 132, 87, 119, 113, 116, 92, 82, 81, 63, 95, 100, 75, 68, 79, 76, 70, 71, 68, 73, 73, 84, 68, 70",yes
0,"45, 60, 39, 62, 41, 63, 38, 34, 27, 42, 61, 38, 41, 59, 24, 54, 42, 45, 37, 65, 29, 65, 34, 35, 32, 30, 34, 33, 50, 61, 66, 93, 122, 109, 120, 86, 117, 101, 157, 167, 191, 164, 163, 146, 141, 171, 211, 210, 209, 227, 207, 232, 246, 282, 317, 330, 371, 411, 482, 507, 471, 362, 475, 407, 546, 651, 659, 574, 478, 401, 474, 243, 303, 192, 233, 187, 221, 276, 226, 234, 208, 204, 230, 186, 183, 223, 204, 203, 179, 171, 163, 141, 124, 188, 126, 139, 182, 178, 235, 181, 190, 179, 167, 150, 149, 159, 137, 125, 113, 97, 87, 89, 93, 69, 89, 80, 117, 127, 120, 142, 127, 121, 106, 92, 110, 90, 47, 76",yes
0,"56, 106, 102, 103, 60, 46, 95, 100, 64, 75, 49, 63, 61, 32, 33, 28, 36, 54, 29, 34, 38, 41, 43, 21, 35, 75, 68, 51, 57, 62, 75, 87, 111, 94, 103, 137, 189, 242, 289, 316, 355, 312, 366, 390, 461, 504, 617, 554, 760, 660, 676, 776, 739, 729, 669, 628, 846, 773, 791, 630, 578, 428, 348, 298, 223, 172, 153, 164, 175, 159, 146, 152, 138, 161, 145, 151, 176, 166, 170, 197, 243, 231, 259, 227, 223, 224, 237, 191, 221, 158, 156, 126, 131, 147, 113, 106, 113, 98, 113, 114, 108, 105, 96, 66, 84, 89, 46, 38, 38, 42, 30, 50, 76, 97, 73, 38, 52, 51, 43, 65, 32, 25, 29, 30, 67, 44, 28, 43",yes
0,"47, 29, 61, 78, 96, 69, 36, 73, 74, 34, 56, 41, 51, 49, 60, 64, 79, 87, 75, 84, 98, 106, 133, 148, 140, 152, 155, 183, 224, 295, 347, 400, 333, 324, 324, 349, 332, 516, 501, 528, 618, 628, 724, 873, 1009, 1068, 942, 714, 667, 484, 379, 461, 486, 405, 376, 262, 256, 183, 193, 194, 133, 124, 125, 123, 111, 126, 124, 146, 149, 135, 140, 145, 142, 108, 94, 121, 152, 127, 116, 109, 117, 153, 131, 161, 183, 209, 209, 180, 130, 147, 169, 148, 134, 117, 90, 96, 46, 48, 31, 44, 51, 31, 48, 42, 36, 36, 45, 42, 57, 29, 63, 83, 81, 84, 98, 120, 140, 103, 95, 153, 135, 191, 146, 147, 161, 164, 170, 142",yes
0,"125, 163, 156, 136, 83, 91, 86, 127, 151, 150, 119, 90, 39, 46, 49, 76, 62, 40, 80, 101, 100, 134, 119, 99, 91, 103, 129, 170, 141, 116, 57, 96, 80, 86, 82, 79, 116, 104, 109, 187, 159, 152, 145, 140, 151, 188, 211, 221, 257, 252, 212, 217, 240, 323, 320, 336, 407, 270, 380, 382, 479, 309, 345, 283, 279, 238, 221, 182, 147, 153, 149, 152, 165, 163, 135, 120, 138, 162, 158, 120, 118, 122, 117, 106, 134, 128, 138, 100, 98, 86, 95, 114, 119, 159, 116, 102, 88, 75, 72, 65, 93, 94, 63, 71, 63, 55, 44, 42, 40, 41, 31, 47, 32, 40, 33, 32, 29, 29, 40, 65, 38, 26, 25, 30, 63, 44, 25, 40",yes
0,"104, 101, 122, 140, 147, 119, 116, 87, 110, 132, 104, 124, 107, 140, 128, 101, 116, 106, 113, 138, 147, 98, 148, 138, 97, 140, 121, 149, 127, 116, 88, 102, 101, 93, 103, 85, 82, 84, 90, 125, 112, 130, 141, 174, 181, 167, 161, 165, 153, 193, 181, 256, 248, 279, 304, 327, 408, 452, 481, 465, 521, 509, 486, 549, 661, 801, 773, 724, 671, 614, 632, 462, 347, 215, 151, 130, 198, 205, 210, 268, 266, 263, 223, 202, 187, 212, 199, 221, 194, 170, 149, 136, 148, 132, 131, 128, 121, 131, 123, 94, 92, 78, 79, 77, 90, 85, 78, 89, 79, 78, 59, 88, 142, 106, 105, 29, 29, 31, 47, 38, 33, 27, 32, 33, 59, 74, 73, 29",yes
0,"71, 39, 22, 55, 44, 22, 22, 30, 27, 55, 45, 76, 92, 64, 41, 38, 46, 65, 50, 52, 25, 25, 25, 43, 64, 39, 54, 43, 33, 42, 40, 36, 23, 60, 31, 35, 41, 32, 49, 58, 39, 59, 62, 78, 133, 219, 122, 128, 134, 259, 263, 258, 216, 189, 199, 241, 236, 302, 320, 312, 290, 346, 365, 432, 381, 366, 435, 467, 536, 496, 463, 477, 409, 498, 386, 442, 309, 243, 248, 159, 139, 144, 149, 127, 141, 130, 122, 152, 158, 181, 161, 179, 197, 252, 228, 197, 187, 184, 180, 143, 146, 181, 184, 176, 122, 86, 85, 94, 84, 95, 89, 70, 58, 119, 104, 62, 45, 45, 56, 66, 38, 55, 57, 65, 52, 30, 43, 28",yes
0,"238, 307, 262, 225, 293, 359, 426, 437, 439, 419, 390, 376, 437, 522, 615, 673, 638, 654, 765, 758, 817, 1105, 1097, 1202, 1552, 1810, 1798, 1660, 1578, 1744, 1787, 1588, 1089, 665, 680, 422, 358, 397, 379, 402, 551, 574, 415, 509, 565, 611, 584, 495, 601, 486, 602, 439, 409, 513, 479, 448, 580, 480, 389, 414, 441, 399, 366, 357, 361, 415, 388, 378, 303, 297, 283, 290, 334, 259, 196, 199, 191, 182, 203, 224, 278, 340, 288, 270, 246, 247, 310, 322, 306, 268, 227, 215, 213, 221, 268, 318, 332, 344, 413, 483, 552, 585, 646, 623, 747, 898, 870, 750, 805, 745, 928, 833, 637, 400, 315, 244, 248, 318, 347, 410, 435, 362, 387, 388, 375, 333, 276, 290",yes
0,"54, 53, 83, 101, 107, 107, 82, 50, 86, 118, 113, 84, 55, 54, 75, 27, 31, 65, 91, 77, 97, 76, 94, 101, 75, 86, 75, 72, 44, 55, 122, 143, 108, 140, 134, 153, 167, 147, 193, 223, 241, 298, 343, 356, 389, 472, 550, 652, 607, 748, 806, 810, 765, 1228, 1401, 1182, 1099, 1194, 1343, 1130, 720, 587, 426, 296, 302, 324, 382, 341, 549, 395, 422, 395, 322, 325, 350, 438, 450, 319, 456, 376, 352, 247, 229, 262, 236, 253, 284, 219, 195, 194, 167, 159, 132, 140, 137, 137, 137, 130, 110, 108, 112, 130, 136, 116, 107, 95, 84, 65, 53, 57, 46, 31, 48, 72, 36, 33, 34, 32, 37, 36, 52, 49, 37, 43, 66, 62, 87, 87",yes
0,"57, 70, 75, 60, 77, 68, 84, 99, 124, 153, 206, 181, 170, 189, 242, 224, 238, 243, 262, 328, 362, 383, 439, 459, 621, 487, 381, 517, 457, 531, 513, 650, 776, 588, 697, 498, 464, 405, 240, 285, 195, 173, 193, 217, 150, 167, 240, 232, 201, 219, 220, 220, 177, 181, 166, 154, 171, 179, 143, 149, 133, 160, 128, 129, 128, 130, 157, 161, 127, 96, 103, 108, 143, 121, 123, 132, 132, 126, 123, 121, 137, 136, 91, 92, 74, 96, 104, 93, 103, 148, 129, 126, 85, 85, 98, 111, 82, 47, 46, 62, 82, 66, 54, 70, 62, 82, 36, 61, 45, 38, 34, 56, 78, 55, 32, 28, 38, 47, 52, 85, 54, 32, 56, 55, 96, 62, 45, 47",yes
0,"271, 237, 220, 241, 252, 246, 278, 244, 215, 220, 207, 248, 195, 175, 172, 175, 164, 158, 138, 116, 120, 120, 77, 71, 87, 71, 76, 69, 68, 69, 101, 96, 67, 33, 57, 64, 94, 76, 56, 41, 27, 36, 48, 59, 71, 68, 49, 30, 46, 49, 32, 52, 47, 44, 69, 77, 127, 129, 70, 89, 63, 81, 122, 100, 110, 94, 104, 99, 97, 75, 153, 160, 205, 171, 136, 167, 203, 268, 236, 223, 211, 175, 138, 115, 143, 169, 187, 171, 116, 102, 88, 62, 24, 22, 38, 82, 52, 31, 63, 78, 32, 41, 51, 44, 40, 54, 109, 124, 110, 79, 77, 79, 65, 67, 93, 128, 139, 99, 76, 49, 81, 156, 150, 133, 103, 80, 80, 69",yes
0,"76, 60, 57, 41, 51, 29, 29, 40, 34, 69, 44, 42, 43, 43, 42, 43, 43, 38, 26, 52, 73, 74, 28, 34, 41, 55, 49, 79, 98, 128, 131, 161, 175, 217, 261, 295, 334, 303, 283, 342, 379, 417, 374, 426, 423, 479, 532, 550, 529, 469, 510, 523, 551, 646, 611, 429, 374, 262, 243, 184, 157, 166, 193, 217, 232, 219, 183, 183, 220, 268, 227, 195, 215, 240, 225, 216, 235, 225, 262, 244, 232, 243, 269, 249, 235, 193, 200, 216, 214, 215, 215, 211, 198, 180, 150, 129, 124, 123, 108, 76, 91, 93, 97, 99, 89, 83, 77, 113, 105, 124, 126, 136, 153, 141, 121, 151, 148, 196, 191, 171, 185, 162, 149, 148, 138, 109, 105, 85",yes
0,"52, 29, 54, 53, 71, 56, 64, 67, 90, 78, 119, 114, 104, 116, 99, 98, 121, 113, 108, 101, 83, 87, 67, 55, 114, 161, 175, 119, 92, 53, 79, 77, 76, 82, 50, 36, 46, 71, 79, 40, 28, 27, 58, 68, 75, 46, 59, 60, 63, 96, 85, 78, 56, 93, 130, 181, 209, 253, 275, 319, 291, 299, 391, 415, 467, 468, 422, 422, 550, 588, 611, 548, 638, 507, 472, 366, 475, 489, 610, 413, 291, 308, 213, 192, 226, 207, 217, 220, 199, 232, 246, 207, 256, 219, 217, 230, 263, 205, 189, 167, 180, 198, 165, 144, 150, 201, 141, 145, 167, 146, 175, 131, 107, 132, 130, 131, 154, 116, 97, 87, 63, 78, 98, 86, 85, 76, 84, 95",yes
0,"33, 46, 37, 52, 37, 27, 30, 30, 38, 32, 24, 39, 27, 45, 49, 43, 82, 78, 68, 64, 104, 92, 141, 163, 118, 115, 92, 165, 198, 225, 198, 167, 140, 129, 154, 132, 130, 103, 76, 90, 95, 119, 103, 122, 157, 161, 200, 191, 199, 190, 171, 161, 154, 171, 226, 261, 306, 354, 467, 467, 596, 600, 468, 476, 514, 429, 496, 488, 517, 440, 353, 299, 269, 293, 228, 217, 173, 148, 111, 105, 109, 106, 139, 134, 84, 99, 110, 85, 92, 115, 145, 120, 90, 73, 79, 93, 105, 98, 104, 105, 115, 83, 82, 117, 142, 153, 156, 99, 111, 82, 75, 73, 82, 78, 61, 74, 69, 66, 65, 66, 67, 53, 74, 102, 89, 92, 94, 119",yes
0,"143, 141, 98, 153, 155, 184, 207, 213, 241, 193, 149, 127, 162, 145, 162, 109, 78, 102, 67, 78, 36, 35, 33, 25, 28, 26, 41, 35, 34, 52, 77, 108, 84, 65, 91, 123, 102, 64, 46, 87, 103, 80, 54, 65, 74, 99, 76, 73, 66, 88, 81, 119, 122, 100, 128, 115, 156, 140, 146, 176, 171, 182, 213, 234, 234, 227, 223, 248, 317, 339, 468, 466, 373, 359, 339, 393, 397, 369, 347, 226, 172, 141, 138, 190, 197, 222, 277, 258, 237, 261, 241, 293, 278, 274, 232, 240, 268, 260, 267, 268, 203, 263, 163, 248, 220, 180, 179, 191, 157, 155, 138, 157, 119, 151, 142, 164, 126, 112, 93, 62, 69, 47, 31, 55, 76, 42, 47, 36",yes
0,"37, 24, 29, 37, 25, 27, 24, 44, 45, 48, 39, 32, 32, 38, 26, 49, 79, 61, 61, 34, 37, 76, 60, 30, 40, 70, 80, 133, 141, 115, 120, 91, 109, 88, 83, 81, 47, 43, 38, 52, 65, 70, 92, 114, 111, 103, 124, 134, 133, 135, 174, 164, 165, 167, 178, 187, 181, 181, 199, 235, 256, 287, 382, 423, 348, 309, 309, 354, 319, 419, 529, 479, 567, 706, 702, 716, 623, 560, 530, 701, 666, 661, 645, 486, 621, 515, 319, 239, 232, 228, 195, 218, 204, 198, 220, 203, 191, 184, 195, 199, 143, 197, 147, 178, 163, 127, 121, 145, 149, 131, 138, 134, 121, 129, 123, 88, 99, 110, 106, 76, 85, 90, 57, 64, 68, 98, 76, 38",yes
0,"42, 24, 23, 35, 40, 42, 46, 56, 101, 125, 118, 163, 170, 143, 162, 167, 122, 58, 88, 65, 87, 123, 135, 227, 91, 75, 80, 71, 50, 71, 107, 123, 86, 43, 92, 79, 47, 38, 23, 34, 49, 51, 68, 87, 153, 163, 145, 151, 156, 158, 169, 191, 196, 207, 150, 168, 161, 182, 178, 160, 142, 167, 176, 166, 185, 223, 239, 244, 280, 272, 332, 374, 432, 523, 458, 492, 380, 413, 514, 518, 437, 404, 341, 348, 291, 218, 185, 188, 173, 218, 201, 279, 267, 262, 222, 201, 198, 175, 218, 188, 213, 138, 157, 173, 139, 122, 144, 115, 90, 104, 98, 94, 71, 79, 69, 63, 66, 50, 68, 59, 43, 44, 36, 38, 31, 55, 60, 76",yes
0,"34, 47, 65, 48, 34, 48, 51, 40, 30, 61, 106, 68, 48, 72, 99, 91, 31, 33, 62, 85, 72, 32, 58, 92, 129, 75, 56, 59, 96, 128, 100, 75, 61, 69, 72, 42, 54, 88, 86, 71, 66, 77, 132, 127, 106, 139, 137, 140, 143, 143, 163, 162, 224, 229, 237, 239, 279, 388, 355, 319, 343, 312, 297, 314, 357, 421, 456, 566, 599, 782, 741, 797, 895, 848, 778, 800, 861, 767, 606, 416, 381, 392, 374, 422, 314, 283, 190, 181, 127, 143, 110, 114, 112, 115, 136, 141, 135, 110, 140, 126, 135, 121, 120, 134, 119, 136, 125, 116, 151, 162, 115, 117, 114, 137, 121, 107, 98, 113, 134, 133, 106, 81, 65, 99, 80, 56, 58, 65",yes
0,"53, 52, 40, 42, 64, 47, 41, 36, 37, 53, 38, 41, 39, 45, 42, 78, 43, 49, 57, 47, 29, 58, 48, 43, 41, 53, 56, 42, 52, 66, 59, 58, 59, 55, 71, 95, 119, 147, 167, 162, 158, 181, 191, 159, 174, 231, 283, 308, 325, 332, 379, 354, 513, 563, 747, 1059, 729, 713, 816, 777, 831, 902, 1215, 1100, 1026, 716, 506, 553, 450, 384, 311, 206, 170, 223, 210, 144, 161, 158, 157, 162, 154, 147, 166, 221, 264, 248, 201, 194, 156, 174, 140, 116, 144, 173, 206, 234, 171, 201, 139, 125, 107, 107, 94, 116, 124, 118, 97, 92, 81, 115, 121, 127, 125, 110, 105, 65, 77, 70, 59, 94, 101, 103, 113, 109, 76, 66, 43, 46",yes
0,"75, 64, 91, 89, 104, 90, 110, 106, 64, 79, 75, 84, 79, 79, 82, 103, 104, 74, 75, 91, 122, 120, 100, 112, 134, 160, 140, 145, 161, 158, 159, 188, 195, 193, 208, 221, 240, 306, 432, 642, 741, 692, 556, 478, 443, 369, 346, 401, 437, 438, 463, 481, 526, 569, 600, 708, 1223, 1072, 1023, 819, 675, 613, 520, 555, 652, 748, 623, 445, 459, 521, 321, 301, 193, 227, 201, 199, 172, 136, 142, 95, 117, 96, 123, 117, 116, 138, 137, 154, 155, 149, 170, 148, 159, 166, 144, 153, 125, 96, 123, 130, 128, 117, 122, 119, 117, 111, 112, 121, 118, 125, 98, 98, 102, 93, 102, 80, 75, 75, 85, 75, 79, 71, 66, 60, 61, 66, 93, 107",yes
0,"89, 131, 115, 121, 102, 94, 72, 72, 80, 87, 128, 83, 61, 43, 52, 46, 54, 88, 101, 104, 103, 123, 133, 124, 129, 131, 149, 159, 177, 168, 157, 160, 154, 165, 145, 111, 141, 145, 146, 169, 195, 207, 221, 205, 199, 207, 240, 232, 276, 306, 291, 241, 191, 231, 217, 253, 251, 192, 155, 126, 154, 171, 147, 124, 125, 130, 134, 167, 157, 137, 146, 147, 142, 111, 118, 141, 154, 146, 128, 137, 100, 117, 129, 152, 139, 145, 140, 118, 104, 110, 111, 112, 94, 81, 67, 65, 59, 69, 47, 44, 56, 67, 81, 91, 52, 41, 35, 29, 30, 25, 33, 46, 29, 43, 32, 41, 38, 30, 50, 73, 63, 37, 31, 24, 27, 57, 57, 54",yes
0,"304, 315, 242, 271, 349, 268, 290, 328, 311, 368, 436, 545, 691, 810, 759, 911, 918, 820, 917, 850, 867, 781, 654, 533, 396, 487, 486, 444, 372, 260, 269, 203, 201, 158, 133, 156, 173, 193, 180, 185, 199, 206, 239, 204, 231, 294, 222, 239, 322, 305, 267, 251, 269, 225, 297, 231, 232, 217, 215, 217, 197, 196, 191, 189, 173, 189, 143, 146, 128, 144, 129, 101, 58, 44, 42, 34, 35, 46, 33, 40, 69, 118, 156, 179, 230, 265, 272, 273, 297, 272, 241, 284, 271, 265, 245, 365, 348, 415, 578, 599, 538, 678, 520, 503, 374, 327, 318, 299, 256, 257, 240, 133, 143, 157, 157, 147, 165, 161, 178, 189, 216, 171, 172, 206, 211, 185, 201, 174",yes
0,"58, 33, 35, 25, 28, 39, 28, 26, 29, 34, 37, 39, 61, 87, 65, 77, 79, 95, 132, 87, 88, 95, 136, 136, 121, 126, 124, 117, 83, 50, 35, 48, 63, 51, 41, 30, 32, 21, 34, 41, 48, 81, 81, 62, 59, 62, 81, 94, 121, 92, 133, 128, 127, 141, 121, 149, 178, 257, 227, 259, 239, 198, 237, 280, 392, 487, 538, 670, 753, 756, 923, 878, 772, 749, 804, 694, 510, 445, 356, 341, 435, 305, 209, 179, 126, 129, 151, 161, 189, 200, 194, 179, 151, 127, 126, 131, 159, 139, 148, 161, 131, 130, 144, 173, 150, 178, 159, 158, 129, 144, 111, 116, 120, 123, 124, 131, 124, 97, 106, 100, 104, 114, 94, 87, 116, 113, 129, 134",yes
0,"42, 35, 24, 51, 24, 63, 85, 93, 75, 77, 59, 57, 96, 128, 148, 136, 115, 79, 120, 142, 155, 146, 89, 131, 119, 150, 127, 98, 112, 110, 91, 81, 88, 100, 98, 136, 166, 210, 278, 348, 400, 458, 318, 316, 388, 360, 396, 402, 553, 546, 578, 709, 698, 693, 784, 604, 545, 373, 309, 343, 371, 362, 369, 311, 220, 173, 160, 137, 181, 196, 244, 199, 209, 168, 165, 164, 189, 169, 204, 159, 137, 168, 209, 138, 156, 213, 182, 146, 142, 134, 129, 118, 224, 239, 335, 262, 274, 329, 280, 256, 119, 82, 65, 65, 83, 88, 112, 88, 41, 50, 58, 101, 82, 87, 50, 50, 38, 44, 32, 60, 53, 39, 37, 57, 34, 59, 88, 100",yes
0,"25, 29, 24, 30, 25, 26, 54, 51, 61, 43, 62, 32, 63, 91, 133, 122, 100, 62, 70, 107, 131, 126, 85, 79, 108, 129, 126, 122, 113, 103, 68, 93, 103, 92, 91, 77, 30, 30, 32, 32, 42, 41, 51, 77, 100, 108, 147, 131, 100, 82, 111, 127, 137, 119, 104, 112, 132, 212, 262, 405, 499, 418, 454, 360, 336, 416, 570, 555, 553, 688, 878, 869, 719, 893, 770, 654, 595, 589, 497, 365, 474, 459, 319, 277, 275, 255, 273, 254, 237, 181, 230, 232, 295, 239, 238, 213, 245, 194, 215, 166, 212, 170, 160, 206, 166, 166, 156, 170, 156, 126, 137, 120, 96, 89, 94, 137, 120, 109, 101, 105, 105, 94, 91, 84, 107, 69, 71, 74",yes
0,"29, 35, 49, 86, 36, 29, 79, 57, 94, 62, 22, 47, 67, 84, 46, 70, 79, 55, 58, 44, 64, 100, 119, 40, 29, 36, 55, 93, 107, 69, 35, 33, 44, 40, 37, 33, 27, 69, 282, 538, 639, 879, 860, 924, 916, 932, 1098, 981, 1175, 1100, 1105, 1220, 1320, 1573, 889, 829, 654, 561, 525, 529, 494, 489, 600, 528, 474, 632, 624, 597, 708, 844, 786, 791, 814, 773, 516, 497, 211, 294, 191, 199, 302, 151, 172, 127, 109, 153, 99, 146, 101, 95, 78, 80, 48, 38, 41, 64, 46, 78, 84, 83, 49, 60, 27, 33, 30, 32, 65, 72, 43, 27, 25, 31, 110, 105, 48, 60, 50, 26, 26, 33, 45, 94, 116, 35, 27, 27, 30, 22",tauhid
0,"33, 25, 29, 22, 33, 38, 28, 33, 39, 43, 35, 49, 58, 32, 33, 28, 49, 65, 28, 36, 22, 17, 26, 28, 37, 46, 43, 19, 49, 43, 71, 58, 40, 96, 166, 204, 204, 225, 239, 278, 281, 284, 263, 261, 200, 224, 201, 167, 145, 137, 125, 123, 122, 153, 210, 264, 372, 487, 581, 582, 582, 611, 586, 546, 497, 497, 509, 475, 344, 174, 158, 170, 148, 118, 128, 119, 95, 98, 63, 89, 58, 63, 77, 52, 48, 91, 62, 79, 29, 34, 46, 44, 35, 39, 31, 46, 51, 44, 67, 55, 37, 49, 79, 86, 71, 70, 67, 54, 54, 55, 70, 64, 91, 71, 38, 46, 60, 84, 36, 88, 57, 46, 59, 53, 30, 48, 25, 39",tauhid
0,"84, 65, 48, 47, 55, 45, 32, 37, 47, 36, 43, 58, 51, 77, 63, 79, 94, 33, 19, 38, 56, 75, 38, 45, 57, 50, 30, 54, 39, 51, 62, 126, 241, 297, 314, 312, 351, 350, 355, 337, 316, 341, 328, 328, 218, 196, 143, 161, 173, 150, 193, 228, 260, 336, 373, 442, 507, 537, 592, 700, 696, 661, 604, 540, 339, 172, 113, 111, 120, 108, 169, 169, 169, 142, 174, 162, 102, 128, 101, 100, 120, 92, 49, 94, 66, 43, 40, 63, 75, 39, 48, 34, 42, 51, 51, 51, 49, 32, 33, 34, 27, 37, 24, 51, 61, 40, 29, 34, 26, 37, 41, 28, 27, 77, 35, 57, 52, 34, 35, 37, 46, 60, 43, 58, 74, 56, 23, 31",tauhid
0,"35, 61, 33, 57, 26, 28, 56, 92, 110, 86, 53, 45, 63, 28, 43, 65, 72, 58, 29, 33, 41, 34, 87, 33, 29, 50, 72, 33, 109, 229, 274, 303, 337, 359, 422, 471, 433, 427, 353, 236, 201, 169, 187, 205, 215, 203, 245, 308, 385, 521, 654, 670, 603, 611, 600, 696, 629, 671, 568, 474, 287, 212, 247, 154, 241, 169, 134, 164, 163, 157, 150, 117, 135, 137, 123, 93, 101, 80, 66, 49, 66, 89, 155, 170, 89, 47, 33, 48, 112, 81, 48, 45, 63, 37, 21, 38, 68, 108, 68, 49, 25, 24, 35, 48, 52, 71, 63, 60, 48, 44, 35, 73, 28, 70, 28, 37, 26, 54, 35, 46, 27, 45, 43, 27, 43, 47, 33, 29",tauhid
0,"62, 67, 63, 51, 31, 31, 43, 37, 54, 72, 46, 34, 30, 35, 39, 26, 57, 68, 36, 33, 27, 45, 27, 42, 61, 44, 113, 183, 224, 237, 238, 239, 224, 233, 223, 238, 219, 197, 245, 257, 221, 239, 230, 233, 225, 208, 231, 215, 145, 165, 175, 117, 126, 126, 109, 105, 160, 199, 253, 292, 366, 420, 427, 431, 433, 429, 445, 472, 448, 488, 456, 444, 430, 410, 321, 208, 138, 93, 130, 104, 117, 127, 73, 61, 50, 49, 54, 45, 61, 48, 39, 55, 67, 48, 33, 43, 42, 42, 38, 53, 46, 57, 26, 37, 33, 39, 37, 44, 39, 35, 37, 43, 42, 40, 40, 33, 38, 64, 50, 39, 34, 41, 46, 34, 37, 49, 33, 32",tauhid
0,"44, 56, 34, 35, 31, 23, 52, 21, 29, 34, 36, 46, 38, 47, 56, 40, 57, 56, 57, 46, 37, 34, 44, 45, 45, 45, 71, 44, 37, 48, 27, 46, 56, 56, 72, 30, 33, 52, 31, 40, 57, 59, 60, 129, 145, 159, 181, 209, 228, 224, 224, 261, 215, 214, 228, 257, 246, 250, 270, 256, 257, 221, 190, 167, 135, 131, 110, 163, 108, 123, 122, 132, 100, 101, 70, 120, 151, 172, 247, 207, 259, 282, 258, 301, 316, 276, 242, 326, 343, 368, 322, 313, 326, 339, 301, 348, 358, 305, 272, 223, 216, 179, 96, 114, 111, 113, 51, 48, 95, 99, 60, 55, 33, 64, 48, 57, 103, 66, 65, 41, 51, 74, 40, 31, 97, 92, 91, 56",tauhid
0,"50, 82, 91, 119, 121, 89, 115, 76, 68, 130, 175, 184, 137, 95, 112, 116, 151, 137, 121, 131, 147, 84, 64, 89, 117, 136, 132, 135, 105, 94, 122, 91, 123, 150, 116, 74, 86, 144, 190, 206, 215, 245, 244, 261, 255, 260, 230, 177, 151, 154, 150, 170, 214, 287, 399, 535, 573, 722, 763, 722, 836, 877, 740, 693, 491, 226, 218, 157, 158, 167, 75, 113, 62, 90, 77, 111, 71, 56, 83, 52, 52, 37, 46, 49, 42, 62, 40, 43, 64, 38, 44, 39, 42, 58, 46, 46, 49, 39, 40, 26, 37, 30, 48, 47, 62, 43, 27, 53, 33, 30, 24, 40, 62, 102, 95, 32, 27, 25, 49, 50, 49, 84, 59, 62, 29, 20, 51, 44",tauhid
0,"35, 29, 34, 66, 87, 73, 30, 48, 38, 40, 44, 44, 87, 65, 67, 49, 54, 61, 68, 77, 67, 118, 79, 100, 72, 103, 141, 125, 94, 208, 228, 258, 306, 343, 419, 489, 458, 495, 506, 464, 484, 453, 415, 396, 319, 256, 242, 218, 188, 206, 210, 194, 212, 286, 373, 396, 472, 447, 474, 391, 310, 386, 317, 135, 190, 148, 117, 109, 123, 136, 66, 118, 99, 74, 111, 124, 165, 119, 122, 48, 61, 88, 171, 152, 156, 108, 106, 103, 68, 107, 91, 173, 132, 106, 54, 52, 31, 81, 75, 94, 73, 67, 74, 35, 28, 37, 80, 98, 66, 41, 40, 34, 26, 50, 82, 80, 80, 34, 41, 44, 42, 106, 105, 52, 28, 35, 55, 42",tauhid
0,"52, 42, 24, 39, 28, 59, 67, 43, 48, 25, 24, 48, 38, 41, 56, 41, 32, 64, 108, 102, 107, 122, 132, 133, 121, 126, 138, 136, 131, 147, 147, 127, 93, 134, 135, 142, 175, 200, 239, 339, 448, 465, 687, 748, 905, 1049, 1033, 1026, 1098, 997, 1115, 919, 775, 757, 459, 212, 379, 334, 352, 179, 285, 199, 161, 82, 145, 152, 180, 153, 101, 62, 81, 57, 72, 67, 37, 46, 42, 33, 24, 24, 64, 60, 56, 29, 47, 44, 35, 29, 55, 36, 48, 40, 40, 35, 64, 35, 28, 34, 92, 104, 57, 33, 31, 41, 32, 32, 77, 39, 46, 28, 41, 44, 29, 48, 58, 27, 46, 31, 32, 48, 44, 42, 43, 29, 36, 32, 31, 29",tauhid
0,"59, 34, 43, 33, 43, 41, 56, 51, 42, 31, 58, 38, 39, 22, 65, 38, 49, 72, 59, 36, 56, 63, 36, 30, 37, 30, 30, 36, 45, 40, 40, 40, 35, 32, 61, 167, 199, 226, 268, 325, 288, 327, 382, 433, 501, 498, 492, 529, 471, 459, 369, 268, 298, 241, 201, 179, 223, 278, 263, 282, 381, 443, 379, 349, 350, 241, 253, 202, 188, 114, 138, 134, 86, 97, 84, 122, 88, 64, 77, 70, 52, 129, 117, 65, 60, 22, 40, 38, 28, 41, 52, 105, 49, 37, 27, 54, 31, 72, 69, 80, 43, 36, 69, 86, 24, 51, 106, 82, 26, 51, 53, 68, 34, 64, 51, 52, 31, 35, 43, 24, 27, 30, 29, 33, 31, 28, 36, 24",tauhid
0,"1033, 938, 1006, 914, 1023, 391, 523, 436, 238, 294, 198, 184, 172, 119, 92, 180, 159, 192, 164, 92, 58, 71, 71, 56, 43, 40, 59, 66, 108, 133, 52, 27, 48, 53, 91, 26, 26, 38, 60, 70, 40, 65, 71, 50, 42, 44, 38, 36, 92, 93, 74, 44, 43, 41, 56, 62, 42, 22, 29, 29, 48, 27, 62, 59, 59, 63, 29, 39, 50, 103, 94, 72, 51, 72, 86, 39, 75, 36, 44, 45, 52, 30, 40, 58, 41, 38, 36, 37, 46, 50, 45, 54, 32, 43, 40, 81, 73, 39, 53, 33, 33, 29, 46, 31, 29, 48, 58, 62, 31, 55, 63, 70, 37, 42, 36, 59, 36, 28, 34, 38, 28, 38, 71, 48, 55, 40, 41, 35",tauhid
0,"68, 100, 80, 101, 90, 93, 79, 42, 69, 61, 39, 42, 41, 43, 45, 36, 42, 30, 31, 47, 35, 43, 37, 24, 34, 27, 25, 22, 42, 51, 81, 68, 119, 93, 48, 27, 50, 71, 121, 154, 159, 169, 193, 233, 242, 237, 231, 208, 172, 141, 114, 103, 125, 112, 92, 107, 142, 215, 251, 313, 363, 403, 496, 507, 476, 457, 497, 345, 178, 165, 191, 174, 180, 134, 83, 93, 87, 79, 110, 91, 48, 50, 52, 46, 59, 40, 44, 39, 29, 35, 59, 49, 34, 30, 47, 37, 36, 36, 24, 39, 32, 38, 35, 37, 46, 36, 37, 37, 46, 26, 45, 39, 41, 29, 32, 26, 34, 37, 39, 35, 31, 45, 54, 41, 36, 53, 78, 64",tauhid
0,"39, 96, 57, 60, 45, 40, 24, 18, 68, 49, 32, 29, 37, 41, 79, 68, 51, 64, 36, 36, 44, 27, 50, 26, 54, 40, 23, 31, 26, 28, 26, 56, 81, 25, 30, 45, 55, 20, 28, 28, 30, 34, 41, 77, 111, 144, 156, 202, 220, 261, 271, 251, 268, 278, 262, 255, 200, 197, 197, 232, 204, 228, 287, 337, 345, 332, 361, 397, 353, 382, 392, 350, 206, 186, 211, 212, 132, 137, 170, 147, 152, 100, 160, 158, 174, 167, 99, 101, 75, 106, 159, 150, 125, 69, 44, 35, 55, 62, 83, 119, 83, 55, 21, 30, 61, 91, 70, 58, 57, 78, 61, 55, 40, 66, 50, 48, 28, 49, 85, 53, 48, 40, 50, 64, 73, 51, 70, 46",tauhid
0,"42, 65, 100, 70, 50, 20, 45, 33, 34, 36, 33, 29, 30, 51, 58, 74, 61, 68, 26, 50, 67, 61, 61, 75, 82, 29, 24, 21, 38, 47, 43, 33, 27, 40, 45, 33, 31, 22, 49, 76, 82, 82, 32, 27, 26, 39, 39, 39, 65, 58, 74, 48, 29, 48, 98, 118, 79, 66, 41, 55, 126, 149, 160, 194, 232, 235, 287, 300, 278, 281, 307, 301, 293, 255, 263, 242, 214, 170, 180, 174, 155, 145, 193, 222, 221, 270, 318, 288, 346, 417, 413, 433, 404, 440, 402, 484, 486, 487, 462, 414, 175, 158, 184, 174, 164, 131, 106, 98, 89, 87, 62, 63, 73, 66, 50, 46, 47, 44, 30, 63, 34, 33, 36, 38, 50, 31, 41, 44",tauhid
0,"52, 44, 46, 48, 60, 88, 50, 69, 69, 76, 23, 42, 33, 51, 98, 88, 43, 33, 38, 39, 50, 69, 69, 95, 44, 31, 73, 80, 31, 36, 40, 39, 33, 26, 33, 63, 60, 77, 74, 38, 29, 36, 48, 99, 114, 101, 57, 76, 87, 101, 99, 126, 130, 131, 108, 120, 99, 127, 135, 161, 179, 161, 162, 153, 168, 150, 136, 143, 137, 141, 134, 71, 90, 125, 197, 254, 219, 344, 328, 373, 362, 393, 384, 406, 365, 329, 306, 334, 311, 308, 296, 175, 148, 202, 198, 144, 105, 84, 86, 72, 80, 88, 72, 78, 84, 87, 58, 38, 60, 47, 32, 62, 117, 113, 69, 46, 48, 38, 45, 50, 75, 79, 86, 42, 65, 63, 51, 72",tauhid
0,"49, 26, 33, 52, 77, 80, 30, 35, 63, 48, 36, 29, 97, 94, 120, 130, 110, 118, 79, 82, 85, 79, 115, 134, 172, 181, 138, 95, 114, 132, 183, 173, 181, 133, 146, 106, 86, 90, 72, 193, 317, 357, 427, 473, 533, 628, 702, 776, 999, 1092, 1041, 1017, 1002, 1102, 991, 620, 579, 588, 467, 421, 402, 423, 443, 454, 462, 496, 640, 666, 764, 775, 1635, 1352, 823, 868, 725, 714, 731, 609, 360, 434, 503, 602, 663, 646, 688, 675, 656, 670, 562, 576, 531, 460, 373, 326, 294, 258, 247, 236, 191, 126, 105, 56, 43, 71, 61, 53, 54, 106, 137, 185, 208, 234, 253, 230, 225, 206, 278, 298, 309, 314, 312, 309, 300, 295, 313, 312, 340, 315",tauhid
0,"74, 71, 87, 80, 87, 76, 66, 47, 44, 53, 63, 32, 30, 32, 64, 57, 55, 24, 22, 30, 30, 34, 25, 41, 77, 67, 32, 43, 39, 31, 55, 41, 34, 37, 81, 55, 75, 97, 97, 95, 109, 121, 122, 125, 135, 135, 125, 111, 97, 79, 82, 80, 103, 117, 138, 179, 227, 285, 338, 365, 383, 407, 371, 428, 506, 454, 414, 349, 357, 281, 172, 187, 210, 131, 122, 106, 121, 89, 97, 88, 94, 81, 66, 50, 42, 49, 70, 28, 40, 33, 36, 39, 61, 91, 59, 96, 97, 82, 77, 46, 66, 97, 86, 72, 65, 53, 85, 84, 90, 94, 99, 65, 65, 35, 37, 30, 36, 53, 40, 49, 65, 50, 53, 67, 73, 50, 68, 95",tauhid
0,"31, 27, 38, 49, 81, 101, 108, 126, 160, 167, 116, 126, 154, 164, 173, 131, 122, 94, 79, 57, 73, 82, 70, 48, 36, 28, 29, 51, 152, 230, 262, 347, 387, 443, 507, 550, 570, 626, 654, 648, 698, 759, 862, 843, 887, 922, 612, 564, 473, 416, 407, 410, 444, 521, 573, 624, 697, 713, 779, 977, 904, 783, 813, 716, 732, 745, 792, 616, 190, 291, 233, 273, 165, 190, 147, 130, 218, 150, 164, 115, 155, 189, 168, 245, 341, 441, 465, 513, 586, 578, 576, 529, 532, 569, 551, 480, 424, 371, 362, 355, 307, 311, 193, 137, 78, 34, 25, 83, 105, 177, 173, 173, 176, 197, 189, 196, 155, 173, 223, 276, 318, 244, 207, 164, 205, 232, 211, 245",tauhid
0,"77, 71, 37, 39, 29, 34, 74, 81, 90, 107, 118, 155, 139, 115, 100, 100, 122, 137, 132, 127, 119, 112, 112, 115, 95, 71, 69, 107, 82, 92, 94, 89, 108, 107, 157, 188, 262, 299, 339, 369, 411, 452, 444, 439, 367, 426, 517, 517, 463, 261, 145, 182, 198, 149, 137, 99, 111, 71, 88, 70, 67, 88, 88, 49, 46, 40, 60, 46, 43, 26, 51, 59, 42, 27, 31, 55, 68, 74, 46, 45, 42, 28, 40, 30, 29, 40, 30, 47, 29, 35, 50, 57, 62, 34, 28, 22, 21, 27, 37, 26, 24, 29, 35, 65, 28, 33, 61, 37, 24, 29, 19, 27, 64, 43, 29, 31, 29, 58, 35, 38, 28, 35, 40, 45, 31, 40, 26, 45",tauhid
0,"66, 101, 70, 112, 90, 91, 76, 48, 62, 51, 55, 32, 29, 37, 66, 53, 48, 41, 27, 43, 38, 62, 30, 27, 22, 49, 89, 89, 89, 61, 23, 102, 172, 216, 226, 239, 253, 246, 247, 253, 287, 271, 260, 224, 220, 159, 124, 127, 113, 100, 115, 148, 145, 153, 150, 225, 270, 291, 347, 378, 422, 466, 497, 503, 452, 363, 451, 571, 543, 555, 391, 148, 125, 152, 171, 164, 117, 98, 85, 79, 80, 63, 45, 48, 46, 61, 34, 46, 53, 31, 36, 49, 79, 85, 46, 33, 36, 47, 52, 76, 96, 97, 64, 34, 44, 96, 121, 99, 61, 72, 47, 61, 47, 74, 67, 86, 72, 49, 41, 38, 84, 100, 93, 38, 26, 39, 62, 60",tauhid
0,"111, 83, 40, 61, 34, 65, 127, 151, 111, 91, 39, 55, 112, 137, 138, 147, 154, 148, 111, 106, 78, 111, 137, 137, 92, 153, 137, 103, 112, 96, 116, 134, 120, 75, 79, 84, 100, 63, 61, 74, 115, 133, 124, 120, 130, 125, 146, 162, 162, 154, 159, 165, 175, 170, 149, 148, 97, 91, 89, 81, 107, 133, 130, 169, 184, 250, 278, 347, 364, 348, 343, 388, 417, 468, 398, 314, 385, 380, 183, 155, 181, 159, 110, 100, 98, 90, 81, 75, 63, 57, 70, 69, 55, 49, 57, 40, 51, 32, 52, 60, 70, 63, 46, 25, 37, 87, 91, 97, 60, 45, 39, 38, 49, 58, 70, 67, 55, 49, 56, 86, 93, 62, 53, 49, 63, 63, 69, 61",tauhid
0,"101, 110, 129, 135, 111, 64, 112, 81, 60, 87, 91, 89, 84, 56, 101, 110, 61, 35, 38, 24, 58, 27, 35, 54, 43, 42, 37, 35, 34, 33, 32, 31, 72, 30, 36, 64, 75, 74, 60, 25, 42, 38, 43, 45, 31, 62, 114, 67, 41, 38, 38, 49, 50, 29, 24, 51, 61, 50, 32, 24, 40, 50, 34, 36, 61, 269, 441, 507, 500, 501, 560, 600, 560, 606, 686, 590, 679, 620, 515, 353, 293, 278, 280, 301, 313, 393, 439, 491, 538, 574, 662, 717, 780, 792, 769, 765, 683, 677, 587, 364, 234, 199, 189, 207, 197, 155, 129, 101, 138, 172, 157, 142, 146, 122, 127, 171, 166, 145, 104, 130, 125, 96, 167, 121, 67, 66, 113, 136",tauhid
0,"52, 23, 35, 25, 44, 27, 37, 44, 37, 55, 50, 29, 36, 41, 75, 91, 90, 56, 86, 119, 164, 179, 173, 145, 177, 179, 195, 135, 125, 137, 144, 146, 80, 82, 45, 72, 39, 100, 151, 165, 165, 137, 130, 141, 160, 139, 116, 96, 95, 69, 47, 42, 87, 116, 118, 113, 120, 141, 129, 161, 191, 180, 174, 165, 175, 162, 168, 183, 201, 141, 100, 88, 88, 131, 109, 140, 121, 128, 200, 276, 388, 415, 380, 405, 436, 608, 587, 651, 889, 755, 753, 570, 390, 374, 213, 302, 180, 124, 124, 228, 212, 213, 156, 105, 111, 118, 104, 89, 58, 56, 56, 65, 62, 60, 48, 42, 83, 55, 54, 74, 84, 118, 74, 94, 66, 66, 98, 127",tauhid
0,"32, 23, 61, 63, 86, 89, 128, 126, 99, 59, 75, 86, 112, 83, 58, 36, 34, 29, 33, 51, 27, 71, 53, 34, 44, 25, 31, 35, 50, 51, 73, 82, 105, 135, 167, 158, 162, 154, 181, 197, 195, 193, 191, 152, 145, 171, 153, 148, 215, 293, 329, 462, 590, 591, 702, 796, 682, 870, 707, 964, 746, 821, 554, 441, 440, 210, 300, 245, 232, 141, 229, 220, 234, 182, 237, 164, 163, 118, 185, 213, 203, 181, 180, 161, 138, 121, 157, 175, 154, 158, 114, 114, 57, 48, 93, 107, 54, 43, 65, 74, 52, 78, 77, 83, 101, 113, 137, 143, 117, 149, 126, 167, 183, 175, 193, 192, 209, 240, 202, 165, 177, 191, 213, 151, 102, 85, 80, 59",tauhid
0,"33, 30, 54, 68, 54, 37, 37, 35, 30, 32, 32, 31, 34, 33, 66, 88, 122, 66, 31, 45, 45, 25, 46, 61, 34, 30, 40, 31, 28, 42, 27, 61, 81, 92, 79, 105, 81, 96, 86, 82, 97, 97, 110, 96, 100, 126, 143, 149, 140, 157, 148, 165, 168, 159, 180, 168, 148, 148, 127, 126, 148, 149, 106, 136, 184, 247, 343, 403, 459, 452, 549, 581, 573, 450, 505, 481, 318, 241, 237, 256, 155, 129, 135, 188, 182, 163, 157, 123, 91, 173, 139, 137, 116, 112, 93, 48, 60, 86, 116, 79, 71, 46, 52, 56, 34, 41, 40, 45, 64, 97, 114, 67, 52, 67, 83, 89, 130, 130, 175, 177, 161, 198, 162, 215, 195, 244, 255, 245",tauhid
0,"92, 40, 22, 24, 24, 35, 59, 47, 29, 29, 72, 59, 39, 32, 42, 41, 69, 43, 50, 63, 66, 70, 32, 49, 64, 91, 55, 39, 32, 35, 23, 41, 33, 92, 119, 59, 27, 28, 44, 67, 75, 76, 84, 27, 37, 28, 42, 60, 97, 110, 113, 83, 90, 132, 144, 164, 175, 154, 195, 145, 134, 156, 153, 142, 146, 191, 162, 167, 170, 153, 177, 184, 176, 150, 166, 136, 131, 98, 136, 141, 134, 115, 170, 233, 293, 341, 388, 460, 481, 427, 428, 407, 441, 488, 471, 387, 244, 183, 180, 143, 108, 107, 129, 82, 84, 87, 120, 92, 54, 109, 112, 93, 99, 137, 158, 181, 138, 101, 105, 133, 101, 70, 75, 62, 23, 33, 30, 52",tauhid
0,"34, 34, 33, 38, 75, 36, 45, 56, 57, 39, 42, 28, 64, 95, 100, 114, 68, 114, 110, 100, 131, 123, 147, 130, 83, 77, 51, 63, 85, 107, 67, 62, 30, 64, 93, 71, 63, 107, 99, 112, 85, 65, 60, 32, 36, 37, 60, 67, 41, 36, 33, 41, 54, 160, 229, 305, 359, 442, 471, 493, 481, 420, 617, 446, 485, 598, 786, 444, 522, 511, 353, 223, 215, 307, 230, 212, 174, 176, 216, 294, 389, 364, 420, 443, 398, 380, 543, 519, 468, 388, 378, 311, 223, 303, 357, 444, 387, 428, 207, 99, 139, 215, 103, 169, 173, 149, 119, 101, 61, 60, 47, 67, 43, 67, 92, 78, 65, 54, 89, 107, 87, 57, 41, 39, 47, 52, 63, 71",tauhid
0,"41, 82, 75, 32, 33, 40, 54, 60, 36, 30, 31, 40, 66, 71, 60, 37, 46, 33, 27, 38, 47, 23, 29, 39, 49, 51, 54, 37, 68, 65, 27, 57, 44, 71, 98, 71, 69, 95, 80, 73, 82, 60, 102, 86, 86, 77, 68, 85, 31, 24, 30, 57, 176, 370, 417, 530, 565, 524, 731, 833, 949, 768, 801, 724, 579, 454, 453, 489, 572, 436, 263, 231, 229, 223, 188, 209, 180, 228, 242, 280, 304, 424, 365, 382, 401, 400, 434, 421, 431, 425, 478, 513, 492, 459, 361, 121, 118, 128, 123, 138, 122, 154, 149, 150, 132, 117, 103, 128, 99, 101, 72, 55, 54, 81, 84, 107, 99, 62, 97, 85, 84, 72, 68, 89, 113, 124, 46, 58",tauhid
0,"97, 88, 66, 38, 33, 23, 48, 60, 103, 139, 79, 39, 23, 61, 109, 116, 102, 95, 72, 51, 48, 31, 112, 130, 113, 108, 46, 47, 24, 26, 25, 40, 38, 47, 37, 45, 37, 36, 32, 37, 37, 77, 37, 35, 40, 33, 50, 82, 33, 42, 56, 27, 26, 38, 26, 60, 69, 33, 53, 71, 40, 30, 61, 58, 39, 50, 35, 31, 44, 82, 103, 91, 77, 281, 411, 476, 525, 466, 702, 701, 495, 432, 401, 330, 300, 497, 362, 359, 413, 480, 300, 283, 334, 219, 208, 271, 262, 293, 303, 297, 289, 360, 373, 413, 384, 350, 360, 308, 315, 258, 267, 232, 188, 146, 120, 93, 80, 88, 89, 76, 86, 75, 84, 80, 85, 49, 35, 47",tauhid
0,"106, 112, 104, 114, 106, 98, 114, 112, 134, 142, 130, 141, 114, 97, 81, 67, 58, 69, 71, 56, 26, 47, 52, 42, 69, 66, 82, 132, 151, 169, 108, 135, 122, 128, 112, 135, 116, 138, 117, 89, 103, 71, 87, 71, 97, 114, 80, 70, 39, 71, 49, 88, 84, 96, 81, 70, 82, 71, 70, 74, 53, 66, 40, 40, 32, 38, 42, 42, 33, 31, 36, 29, 47, 32, 39, 74, 189, 263, 222, 202, 196, 344, 284, 279, 295, 331, 426, 380, 393, 370, 424, 406, 418, 388, 422, 392, 361, 311, 256, 238, 194, 268, 278, 405, 388, 421, 303, 332, 329, 355, 394, 311, 359, 362, 325, 326, 268, 170, 100, 101, 100, 96, 74, 70, 50, 56, 57, 48",tauhid
0,"184, 171, 158, 153, 192, 240, 231, 238, 265, 254, 240, 266, 269, 251, 284, 321, 340, 310, 297, 260, 257, 295, 248, 247, 234, 212, 229, 202, 193, 228, 236, 188, 170, 132, 162, 138, 116, 128, 138, 175, 187, 165, 170, 191, 173, 202, 220, 222, 205, 184, 189, 154, 135, 114, 114, 113, 87, 98, 125, 105, 101, 122, 118, 162, 232, 333, 488, 555, 576, 470, 450, 528, 533, 477, 609, 697, 567, 593, 212, 143, 199, 151, 130, 139, 112, 114, 92, 118, 84, 104, 75, 129, 99, 98, 80, 92, 78, 60, 122, 134, 194, 152, 132, 108, 117, 168, 144, 152, 147, 158, 138, 134, 109, 77, 142, 117, 100, 85, 126, 92, 49, 55, 46, 62, 90, 93, 42, 40",tauhid
0,"22, 24, 40, 39, 56, 46, 52, 53, 51, 76, 73, 26, 88, 71, 54, 81, 66, 76, 115, 126, 165, 226, 272, 219, 285, 308, 291, 306, 297, 317, 291, 278, 330, 379, 350, 328, 319, 297, 251, 200, 225, 248, 267, 286, 368, 417, 521, 642, 866, 994, 1224, 1082, 1081, 1380, 1105, 1413, 1347, 1586, 1397, 1456, 1382, 1328, 1057, 479, 521, 289, 371, 333, 175, 232, 209, 190, 132, 147, 175, 141, 50, 133, 200, 239, 153, 91, 92, 150, 189, 274, 358, 449, 537, 514, 560, 604, 628, 613, 595, 556, 508, 463, 422, 372, 380, 407, 388, 311, 239, 258, 222, 272, 249, 318, 305, 291, 244, 130, 165, 151, 144, 98, 27, 42, 40, 53, 101, 132, 127, 66, 82, 113",tauhid
0,"89, 124, 166, 165, 199, 183, 194, 188, 216, 183, 172, 140, 162, 140, 132, 160, 175, 214, 210, 194, 190, 200, 219, 203, 197, 200, 234, 309, 341, 339, 424, 466, 464, 385, 366, 372, 428, 454, 401, 358, 405, 438, 399, 413, 291, 157, 173, 160, 108, 130, 135, 112, 88, 54, 58, 58, 48, 77, 53, 58, 43, 55, 67, 57, 55, 58, 77, 125, 116, 109, 89, 97, 159, 140, 86, 93, 113, 115, 107, 103, 146, 135, 91, 53, 47, 88, 120, 64, 43, 27, 40, 46, 29, 34, 36, 35, 31, 29, 41, 24, 33, 24, 45, 42, 43, 44, 33, 34, 30, 20, 42, 29, 23, 24, 26, 44, 35, 23, 29, 32, 33, 46, 44, 73, 73, 73, 74, 30",tauhid
0,"34, 52, 40, 46, 31, 28, 27, 35, 44, 83, 41, 51, 24, 54, 66, 56, 65, 95, 89, 57, 82, 63, 93, 71, 89, 68, 62, 85, 61, 48, 23, 28, 43, 42, 26, 40, 57, 133, 167, 197, 191, 232, 243, 251, 264, 301, 300, 320, 346, 309, 300, 227, 189, 179, 211, 164, 155, 169, 197, 248, 262, 280, 324, 397, 447, 478, 551, 637, 543, 623, 794, 765, 786, 793, 670, 847, 731, 776, 715, 613, 700, 356, 172, 204, 146, 183, 127, 89, 129, 77, 68, 78, 71, 78, 98, 91, 61, 57, 43, 50, 71, 50, 26, 27, 29, 48, 44, 68, 117, 133, 114, 29, 35, 50, 65, 104, 110, 79, 55, 48, 30, 48, 72, 124, 106, 79, 28, 55",tauhid
0,"29, 124, 76, 111, 34, 48, 70, 68, 33, 32, 33, 35, 38, 38, 49, 44, 43, 46, 32, 24, 29, 34, 47, 44, 36, 43, 41, 36, 28, 32, 28, 38, 49, 55, 53, 46, 64, 38, 29, 32, 41, 63, 30, 62, 42, 77, 80, 100, 154, 163, 134, 136, 107, 144, 133, 122, 116, 111, 155, 138, 128, 115, 98, 87, 67, 104, 153, 150, 135, 154, 142, 136, 142, 165, 178, 170, 188, 161, 197, 187, 251, 255, 337, 286, 337, 348, 329, 320, 312, 326, 313, 308, 219, 205, 221, 225, 240, 299, 267, 334, 418, 456, 450, 559, 389, 380, 517, 517, 696, 637, 703, 593, 423, 341, 337, 279, 239, 248, 231, 207, 180, 301, 262, 240, 215, 216, 237, 238",tauhid
0,"39, 44, 42, 42, 59, 51, 34, 37, 42, 37, 42, 35, 72, 70, 30, 32, 48, 81, 77, 46, 75, 66, 49, 39, 34, 43, 51, 52, 84, 64, 37, 57, 77, 59, 28, 38, 26, 36, 52, 38, 21, 43, 31, 35, 41, 45, 32, 42, 75, 43, 32, 28, 34, 42, 39, 61, 46, 42, 125, 185, 173, 176, 191, 227, 240, 236, 199, 192, 183, 205, 230, 228, 212, 182, 141, 137, 134, 127, 117, 44, 74, 101, 88, 70, 35, 40, 55, 37, 93, 93, 94, 60, 39, 86, 107, 154, 164, 286, 262, 226, 257, 216, 247, 354, 407, 388, 358, 400, 386, 315, 430, 433, 364, 340, 272, 219, 242, 257, 342, 394, 409, 467, 550, 585, 684, 763, 936, 980",tauhid
0,"34, 36, 60, 38, 29, 32, 30, 40, 30, 28, 58, 26, 41, 33, 42, 47, 36, 33, 36, 36, 49, 73, 35, 30, 31, 29, 35, 56, 29, 57, 54, 77, 137, 186, 214, 228, 207, 208, 214, 211, 221, 157, 163, 122, 135, 121, 112, 119, 113, 94, 129, 100, 96, 57, 31, 41, 118, 144, 187, 218, 257, 279, 299, 292, 324, 345, 367, 357, 315, 343, 349, 345, 251, 215, 184, 202, 238, 234, 269, 286, 353, 416, 528, 536, 606, 692, 774, 965, 866, 915, 913, 1137, 1047, 1158, 1274, 977, 1188, 978, 613, 312, 251, 264, 207, 156, 143, 162, 132, 97, 118, 124, 88, 49, 75, 100, 66, 47, 54, 52, 163, 53, 161, 291, 333, 374, 413, 435, 472, 430",tauhid
0,"22, 53, 39, 49, 25, 37, 84, 85, 140, 142, 157, 166, 126, 142, 124, 164, 156, 155, 102, 70, 107, 85, 144, 95, 117, 108, 72, 89, 49, 75, 42, 39, 38, 35, 33, 37, 26, 35, 53, 62, 46, 45, 28, 41, 26, 67, 69, 93, 67, 51, 85, 53, 42, 27, 35, 27, 35, 37, 31, 58, 30, 41, 50, 41, 57, 73, 39, 50, 34, 53, 44, 70, 75, 56, 34, 40, 68, 49, 65, 97, 83, 65, 47, 47, 43, 82, 63, 101, 112, 147, 83, 61, 70, 101, 163, 118, 84, 54, 25, 28, 20, 23, 32, 67, 54, 21, 31, 32, 57, 27, 31, 37, 29, 27, 82, 48, 43, 48, 39, 39, 17, 24, 34, 71, 61, 74, 54, 41",tauhid
0,"84, 67, 99, 99, 176, 176, 189, 155, 99, 134, 118, 142, 115, 150, 144, 135, 72, 70, 72, 106, 124, 111, 99, 105, 69, 41, 56, 54, 110, 106, 109, 66, 54, 146, 199, 251, 268, 315, 338, 336, 350, 378, 388, 360, 365, 373, 337, 283, 271, 292, 301, 352, 408, 542, 637, 696, 820, 863, 1150, 1096, 1029, 1370, 1386, 1242, 1455, 1220, 1594, 1278, 1275, 730, 277, 275, 292, 193, 184, 229, 141, 69, 126, 145, 96, 63, 60, 81, 71, 72, 50, 82, 98, 110, 67, 32, 42, 69, 81, 58, 45, 37, 77, 26, 35, 41, 67, 123, 199, 310, 359, 411, 409, 434, 442, 372, 404, 372, 387, 319, 316, 247, 195, 181, 186, 190, 171, 150, 99, 57, 27, 32",tauhid
0,"47, 63, 72, 32, 44, 96, 53, 51, 32, 46, 31, 64, 97, 92, 108, 91, 68, 78, 93, 134, 122, 176, 197, 240, 272, 288, 260, 297, 267, 306, 343, 343, 345, 360, 351, 382, 392, 363, 311, 300, 278, 294, 251, 315, 370, 455, 558, 651, 755, 883, 1245, 1107, 1047, 1124, 1140, 1221, 1287, 1270, 1134, 1362, 1207, 1383, 1141, 1005, 485, 269, 284, 233, 177, 152, 175, 129, 115, 97, 107, 145, 164, 201, 110, 69, 90, 50, 136, 289, 400, 489, 515, 524, 516, 534, 569, 579, 613, 654, 651, 628, 581, 519, 437, 401, 349, 278, 199, 109, 100, 71, 48, 54, 36, 36, 59, 63, 68, 104, 127, 167, 172, 182, 154, 171, 197, 244, 257, 237, 228, 263, 285, 335",tauhid
0,"231, 228, 273, 272, 255, 237, 312, 308, 304, 288, 245, 210, 168, 156, 190, 195, 248, 335, 411, 611, 780, 873, 842, 876, 927, 1253, 1096, 1394, 1356, 1407, 1669, 1460, 1672, 1397, 1697, 1554, 1321, 614, 646, 472, 209, 345, 328, 235, 266, 279, 170, 156, 118, 163, 111, 101, 75, 57, 50, 62, 67, 59, 86, 73, 55, 24, 33, 36, 41, 61, 41, 34, 40, 45, 32, 42, 24, 44, 26, 43, 56, 47, 41, 23, 50, 40, 69, 41, 36, 45, 28, 27, 29, 28, 51, 35, 36, 41, 28, 34, 30, 27, 31, 45, 45, 30, 58, 87, 42, 32, 33, 26, 26, 35, 38, 36, 41, 50, 72, 45, 29, 28, 44, 23, 24, 44, 67, 39, 37, 25, 27, 27",tauhid
0,"297, 307, 341, 425, 478, 495, 477, 467, 512, 527, 556, 597, 593, 606, 627, 638, 600, 606, 595, 617, 635, 630, 622, 640, 672, 637, 620, 607, 602, 615, 624, 629, 645, 688, 675, 650, 698, 662, 648, 649, 638, 636, 609, 620, 496, 252, 155, 111, 105, 161, 134, 101, 93, 93, 69, 86, 55, 94, 54, 65, 67, 52, 55, 48, 102, 344, 586, 658, 614, 583, 631, 731, 711, 738, 766, 837, 765, 742, 734, 711, 666, 640, 544, 507, 425, 414, 391, 360, 359, 369, 362, 353, 373, 389, 389, 434, 487, 505, 521, 506, 526, 524, 544, 597, 619, 648, 658, 673, 682, 684, 690, 694, 677, 715, 745, 728, 732, 647, 416, 167, 144, 133, 110, 95, 121, 113, 124, 66",tauhid
0,"28, 28, 48, 45, 62, 28, 45, 82, 63, 68, 115, 178, 250, 269, 315, 315, 320, 313, 285, 329, 364, 360, 360, 352, 363, 324, 234, 200, 230, 242, 216, 266, 264, 276, 311, 299, 360, 390, 398, 445, 483, 549, 625, 683, 703, 756, 690, 676, 652, 715, 678, 622, 701, 898, 807, 723, 439, 385, 313, 301, 188, 150, 122, 98, 70, 75, 108, 90, 100, 116, 35, 33, 26, 34, 47, 40, 32, 54, 24, 25, 39, 64, 89, 66, 74, 93, 82, 81, 109, 120, 131, 111, 69, 89, 47, 38, 57, 39, 42, 60, 61, 93, 130, 104, 130, 132, 153, 144, 144, 158, 170, 193, 234, 239, 257, 287, 313, 358, 361, 384, 340, 336, 329, 329, 292, 321, 307, 311",tauhid
0,"163, 146, 151, 155, 146, 141, 136, 148, 118, 139, 123, 118, 111, 85, 122, 133, 133, 134, 113, 162, 162, 145, 174, 148, 168, 161, 145, 173, 175, 170, 167, 136, 106, 151, 121, 185, 182, 174, 144, 134, 163, 194, 255, 310, 368, 429, 400, 388, 415, 481, 536, 523, 540, 672, 639, 743, 592, 700, 448, 404, 297, 184, 242, 235, 198, 168, 131, 152, 259, 168, 131, 84, 91, 97, 85, 62, 101, 93, 98, 64, 41, 37, 47, 40, 81, 80, 61, 32, 53, 47, 40, 83, 97, 56, 41, 23, 47, 28, 33, 70, 64, 48, 29, 29, 40, 60, 38, 29, 31, 24, 37, 61, 29, 26, 38, 34, 58, 41, 34, 54, 56, 39, 56, 58, 83, 120, 151, 165",tauhid
0,"133, 102, 75, 105, 81, 69, 64, 39, 36, 34, 34, 59, 54, 83, 96, 122, 128, 123, 120, 82, 98, 89, 93, 93, 83, 75, 50, 51, 59, 76, 58, 64, 26, 47, 43, 62, 79, 61, 65, 57, 62, 58, 64, 40, 51, 42, 37, 29, 31, 24, 65, 104, 99, 60, 79, 57, 65, 59, 48, 37, 68, 27, 44, 46, 40, 40, 57, 53, 33, 34, 52, 45, 80, 62, 52, 29, 50, 60, 60, 71, 38, 56, 29, 39, 71, 67, 61, 92, 63, 62, 58, 66, 128, 132, 132, 100, 78, 57, 87, 39, 50, 52, 66, 62, 37, 32, 33, 51, 54, 46, 46, 24, 35, 40, 37, 65, 32, 36, 48, 72, 61, 42, 48, 69, 127, 142, 136, 115",tauhid
0,"42, 32, 29, 25, 24, 39, 63, 52, 41, 42, 48, 26, 37, 27, 21, 27, 24, 17, 18, 28, 74, 48, 34, 34, 36, 21, 30, 27, 22, 30, 21, 22, 55, 41, 53, 24, 31, 57, 28, 55, 53, 37, 41, 28, 30, 37, 40, 42, 44, 36, 32, 28, 33, 35, 29, 27, 43, 55, 37, 34, 33, 30, 27, 27, 31, 53, 24, 39, 42, 39, 58, 35, 26, 38, 25, 56, 53, 62, 69, 33, 22, 38, 33, 72, 35, 51, 30, 50, 55, 53, 26, 21, 40, 68, 49, 22, 30, 48, 23, 27, 44, 51, 21, 28, 45, 49, 51, 47, 33, 37, 66, 89, 50, 45, 26, 23, 42, 76, 67, 100, 87, 113, 150, 162, 158, 148, 162, 173",tauhid
0,"19, 27, 23, 25, 55, 76, 41, 33, 34, 44, 24, 19, 29, 53, 54, 51, 42, 32, 33, 62, 41, 81, 87, 110, 105, 56, 39, 35, 73, 94, 72, 72, 84, 69, 48, 37, 32, 65, 122, 166, 136, 245, 254, 285, 319, 281, 245, 218, 208, 177, 128, 105, 101, 126, 109, 133, 132, 141, 214, 237, 286, 343, 417, 403, 406, 359, 347, 379, 293, 176, 154, 182, 166, 154, 121, 88, 92, 91, 56, 56, 49, 70, 54, 46, 58, 60, 49, 50, 46, 25, 45, 73, 47, 38, 34, 29, 18, 40, 34, 28, 26, 31, 58, 49, 56, 27, 28, 27, 25, 25, 28, 53, 34, 62, 34, 41, 75, 92, 98, 32, 35, 55, 79, 108, 101, 109, 139, 115",tauhid
0,"24, 45, 40, 31, 44, 54, 63, 52, 38, 35, 43, 34, 36, 31, 32, 62, 28, 42, 60, 52, 38, 51, 30, 43, 42, 32, 43, 39, 42, 26, 39, 63, 28, 33, 42, 65, 69, 58, 94, 70, 111, 126, 161, 166, 146, 171, 199, 196, 177, 222, 158, 190, 203, 201, 181, 149, 132, 117, 85, 118, 137, 78, 88, 122, 111, 130, 186, 203, 270, 274, 310, 340, 370, 443, 417, 455, 555, 537, 453, 516, 489, 316, 132, 129, 133, 123, 119, 140, 129, 131, 95, 92, 90, 48, 102, 107, 97, 74, 56, 29, 58, 53, 77, 93, 70, 45, 33, 32, 41, 64, 67, 68, 22, 26, 26, 40, 53, 48, 46, 39, 59, 31, 48, 48, 98, 152, 57, 29",tauhid
0,"31, 43, 40, 65, 57, 45, 32, 32, 45, 52, 84, 71, 52, 29, 30, 24, 44, 89, 87, 59, 54, 49, 37, 21, 40, 32, 64, 32, 42, 51, 41, 61, 50, 57, 74, 65, 52, 91, 95, 105, 92, 123, 96, 74, 55, 93, 82, 27, 37, 84, 55, 92, 73, 60, 79, 111, 121, 114, 57, 59, 70, 118, 138, 189, 177, 198, 203, 236, 244, 225, 219, 195, 199, 172, 180, 160, 142, 143, 162, 156, 158, 169, 210, 245, 254, 291, 350, 391, 478, 523, 539, 508, 537, 681, 751, 640, 769, 840, 729, 783, 602, 195, 158, 174, 193, 151, 122, 89, 88, 120, 76, 65, 120, 84, 70, 62, 42, 38, 47, 76, 69, 40, 48, 49, 75, 62, 101, 63",tauhid
0,"236, 202, 150, 88, 57, 34, 31, 88, 59, 50, 47, 56, 76, 68, 75, 86, 75, 86, 72, 49, 54, 65, 104, 93, 106, 71, 40, 38, 37, 35, 60, 36, 82, 76, 84, 89, 58, 78, 115, 174, 164, 182, 204, 195, 210, 219, 206, 227, 218, 231, 261, 206, 183, 180, 178, 194, 201, 190, 201, 180, 250, 237, 237, 284, 349, 433, 493, 587, 535, 590, 608, 697, 746, 650, 786, 846, 767, 858, 529, 169, 198, 149, 136, 95, 146, 113, 117, 96, 93, 74, 72, 60, 79, 67, 63, 58, 33, 56, 35, 50, 78, 62, 79, 41, 77, 108, 76, 73, 49, 111, 127, 136, 95, 57, 60, 50, 74, 81, 65, 87, 77, 70, 34, 24, 23, 28, 23, 27",tauhid
0,"59, 57, 33, 32, 40, 41, 34, 49, 45, 56, 82, 61, 34, 38, 50, 96, 66, 43, 35, 62, 46, 35, 43, 46, 63, 39, 37, 65, 51, 30, 42, 41, 28, 42, 35, 84, 79, 82, 38, 66, 37, 40, 82, 73, 47, 48, 33, 89, 229, 271, 293, 325, 366, 454, 523, 471, 457, 392, 416, 395, 347, 225, 154, 160, 160, 158, 140, 146, 107, 81, 108, 92, 98, 83, 127, 280, 323, 442, 462, 418, 509, 724, 709, 698, 839, 607, 665, 632, 625, 625, 567, 728, 629, 729, 553, 553, 456, 400, 356, 418, 338, 497, 480, 469, 533, 497, 594, 663, 635, 510, 500, 392, 412, 438, 352, 401, 291, 304, 245, 214, 162, 155, 111, 118, 113, 99, 59, 99",arduino
0,"39, 40, 66, 86, 64, 84, 34, 79, 59, 52, 85, 95, 125, 103, 63, 52, 35, 56, 84, 62, 43, 34, 32, 55, 41, 30, 64, 98, 94, 32, 42, 31, 51, 70, 123, 102, 94, 102, 147, 174, 184, 214, 228, 253, 246, 231, 200, 190, 196, 180, 144, 111, 80, 93, 68, 80, 131, 97, 229, 362, 404, 545, 559, 532, 523, 542, 519, 545, 549, 582, 493, 383, 342, 296, 271, 352, 307, 299, 264, 280, 312, 364, 446, 431, 311, 286, 270, 275, 313, 252, 312, 251, 259, 185, 173, 148, 110, 121, 90, 90, 85, 50, 58, 56, 77, 43, 45, 46, 65, 53, 70, 90, 54, 36, 36, 55, 61, 35, 66, 41, 56, 32, 31, 26, 44, 84, 25, 28",arduino
0,"37, 28, 36, 28, 29, 36, 51, 32, 37, 29, 34, 24, 38, 23, 30, 44, 35, 36, 38, 32, 38, 43, 28, 48, 49, 30, 27, 38, 22, 28, 32, 40, 28, 24, 40, 49, 24, 22, 33, 35, 34, 41, 27, 59, 83, 52, 43, 71, 27, 78, 122, 116, 122, 167, 178, 153, 203, 191, 191, 220, 221, 222, 217, 195, 170, 114, 139, 144, 145, 93, 113, 202, 336, 336, 343, 361, 353, 330, 357, 362, 389, 363, 334, 380, 351, 339, 308, 233, 218, 223, 232, 233, 238, 246, 235, 221, 239, 239, 243, 199, 189, 185, 183, 170, 157, 113, 114, 80, 81, 84, 79, 56, 100, 64, 51, 77, 45, 52, 91, 58, 41, 42, 54, 40, 71, 33, 51, 65",arduino
0,"63, 57, 41, 99, 80, 37, 49, 35, 37, 59, 54, 48, 55, 50, 32, 57, 58, 35, 28, 23, 27, 34, 37, 44, 38, 38, 43, 61, 41, 31, 40, 27, 45, 32, 34, 26, 27, 34, 45, 43, 46, 45, 35, 28, 81, 71, 123, 133, 184, 189, 205, 216, 190, 190, 201, 175, 136, 122, 134, 119, 103, 95, 90, 86, 106, 278, 410, 403, 412, 401, 418, 427, 402, 389, 357, 406, 420, 374, 313, 217, 193, 244, 246, 221, 198, 232, 225, 266, 249, 214, 219, 186, 165, 210, 186, 199, 214, 207, 138, 129, 65, 72, 77, 77, 77, 38, 54, 78, 86, 73, 57, 36, 63, 49, 37, 34, 36, 46, 43, 25, 34, 39, 28, 31, 36, 28, 32, 33",arduino
0,"113, 85, 79, 57, 33, 51, 43, 97, 88, 96, 30, 49, 54, 45, 33, 51, 39, 41, 27, 65, 77, 46, 41, 71, 38, 35, 44, 31, 41, 35, 37, 99, 71, 56, 28, 45, 23, 84, 133, 141, 154, 152, 167, 133, 140, 166, 168, 200, 144, 113, 137, 124, 112, 124, 146, 153, 249, 316, 318, 261, 216, 195, 263, 281, 275, 293, 259, 211, 194, 181, 204, 231, 305, 306, 312, 371, 469, 397, 409, 397, 436, 475, 573, 507, 468, 442, 390, 377, 340, 409, 302, 280, 253, 234, 193, 204, 190, 186, 134, 102, 99, 100, 117, 63, 58, 58, 58, 35, 50, 56, 35, 47, 55, 88, 70, 53, 70, 65, 81, 55, 31, 30, 27, 39, 25, 29, 37, 35",arduino
0,"41, 33, 64, 77, 50, 50, 34, 38, 37, 42, 39, 53, 69, 72, 48, 38, 69, 113, 82, 75, 92, 128, 158, 154, 136, 107, 106, 103, 128, 67, 76, 75, 42, 46, 88, 107, 162, 139, 204, 226, 244, 262, 245, 241, 259, 247, 186, 228, 270, 252, 273, 251, 201, 157, 145, 118, 110, 119, 92, 109, 138, 244, 596, 677, 635, 627, 566, 611, 600, 677, 601, 638, 635, 597, 589, 647, 593, 733, 821, 573, 544, 474, 493, 424, 592, 444, 466, 498, 565, 739, 739, 579, 456, 495, 411, 402, 402, 355, 376, 276, 298, 260, 269, 226, 208, 166, 122, 137, 129, 86, 84, 87, 83, 76, 50, 50, 46, 45, 26, 37, 41, 47, 37, 28, 35, 38, 53, 54",arduino
0,"57, 59, 44, 66, 75, 44, 47, 25, 43, 68, 47, 35, 43, 34, 27, 32, 57, 32, 34, 41, 52, 52, 55, 34, 51, 75, 122, 110, 94, 80, 111, 98, 63, 79, 107, 145, 146, 138, 149, 167, 176, 166, 151, 161, 157, 163, 137, 158, 160, 145, 120, 93, 96, 119, 118, 92, 79, 158, 315, 338, 383, 371, 361, 398, 380, 333, 308, 294, 324, 386, 427, 363, 273, 300, 292, 277, 239, 196, 179, 229, 260, 197, 214, 231, 250, 193, 161, 173, 160, 162, 141, 111, 121, 130, 110, 113, 87, 74, 92, 97, 97, 59, 56, 75, 46, 46, 45, 35, 44, 37, 40, 58, 51, 45, 30, 33, 76, 72, 45, 36, 30, 56, 104, 91, 67, 55, 88, 75",arduino
0,"276, 213, 255, 268, 274, 264, 269, 283, 265, 231, 255, 201, 209, 207, 155, 149, 159, 132, 117, 166, 424, 475, 496, 489, 481, 463, 428, 389, 371, 384, 348, 313, 354, 398, 417, 438, 394, 238, 297, 334, 340, 404, 383, 460, 559, 628, 677, 809, 742, 769, 826, 947, 741, 693, 669, 822, 786, 726, 636, 526, 513, 362, 303, 275, 292, 170, 221, 141, 91, 126, 75, 112, 49, 79, 68, 102, 51, 79, 57, 72, 58, 29, 36, 39, 29, 40, 53, 60, 53, 41, 46, 55, 58, 63, 44, 68, 60, 63, 40, 63, 74, 93, 66, 58, 56, 74, 67, 64, 33, 42, 47, 51, 56, 60, 57, 39, 53, 33, 30, 36, 30, 26, 44, 45, 33, 40, 30, 44",arduino
0,"213, 236, 255, 381, 426, 512, 513, 435, 393, 398, 314, 353, 358, 270, 343, 293, 287, 238, 243, 231, 126, 175, 163, 145, 116, 174, 158, 198, 156, 130, 104, 135, 147, 138, 150, 99, 90, 64, 59, 91, 109, 166, 149, 95, 69, 112, 99, 117, 85, 72, 98, 44, 80, 126, 133, 77, 72, 82, 130, 137, 162, 179, 201, 216, 224, 231, 220, 208, 216, 210, 150, 131, 154, 124, 145, 120, 123, 246, 412, 498, 529, 494, 434, 407, 419, 514, 494, 484, 471, 420, 288, 267, 244, 283, 298, 321, 287, 193, 214, 247, 279, 277, 230, 231, 226, 243, 168, 198, 181, 170, 99, 98, 86, 114, 86, 114, 72, 66, 76, 70, 78, 47, 37, 70, 120, 130, 113, 62",arduino
0,"32, 49, 31, 48, 132, 90, 51, 33, 35, 57, 67, 87, 44, 35, 46, 41, 55, 37, 84, 73, 33, 47, 47, 38, 41, 36, 32, 38, 68, 64, 162, 179, 279, 296, 208, 278, 256, 249, 202, 173, 172, 135, 163, 183, 164, 157, 143, 140, 134, 94, 84, 112, 113, 94, 111, 109, 105, 224, 415, 518, 618, 655, 610, 562, 560, 568, 510, 569, 585, 668, 587, 452, 489, 573, 493, 397, 440, 359, 421, 394, 479, 397, 391, 464, 564, 512, 501, 569, 449, 319, 372, 304, 375, 260, 339, 244, 254, 185, 144, 181, 154, 143, 122, 66, 83, 98, 82, 82, 123, 52, 43, 48, 84, 79, 115, 93, 97, 60, 43, 66, 102, 113, 80, 128, 191, 251, 273, 286",arduino
0,"137, 92, 47, 50, 47, 46, 86, 44, 32, 31, 58, 34, 32, 32, 33, 50, 55, 80, 96, 85, 84, 75, 63, 80, 126, 167, 152, 113, 84, 48, 70, 68, 77, 68, 59, 79, 42, 32, 76, 94, 143, 56, 36, 31, 68, 33, 38, 43, 83, 125, 110, 189, 205, 202, 215, 252, 272, 252, 189, 108, 109, 121, 175, 168, 121, 102, 100, 110, 102, 96, 105, 116, 112, 145, 109, 207, 323, 273, 252, 244, 254, 304, 316, 303, 380, 404, 412, 398, 494, 455, 452, 483, 551, 622, 550, 486, 626, 600, 512, 571, 660, 594, 522, 552, 571, 480, 499, 444, 539, 449, 431, 418, 611, 566, 694, 698, 697, 598, 649, 604, 518, 471, 497, 463, 468, 404, 377, 345",arduino
0,"76, 97, 109, 112, 106, 71, 58, 69, 76, 84, 101, 87, 97, 75, 40, 46, 50, 85, 99, 97, 70, 69, 90, 71, 93, 82, 114, 116, 98, 94, 91, 104, 105, 128, 196, 204, 221, 234, 204, 190, 202, 211, 163, 148, 124, 89, 89, 78, 82, 67, 54, 59, 65, 38, 46, 43, 43, 44, 92, 138, 159, 164, 147, 161, 149, 169, 171, 195, 190, 234, 258, 252, 263, 245, 244, 296, 308, 344, 350, 344, 331, 261, 164, 169, 172, 144, 171, 186, 204, 198, 183, 178, 210, 267, 356, 307, 396, 326, 399, 386, 357, 473, 480, 434, 430, 399, 388, 534, 467, 387, 380, 304, 292, 259, 209, 182, 223, 148, 136, 125, 113, 115, 144, 122, 131, 95, 109, 102",arduino
0,"17, 46, 29, 22, 51, 92, 112, 116, 84, 73, 75, 35, 60, 59, 125, 162, 125, 129, 119, 126, 145, 203, 192, 192, 200, 175, 191, 172, 204, 200, 241, 225, 209, 187, 184, 177, 136, 98, 109, 116, 89, 155, 135, 117, 75, 210, 295, 260, 247, 252, 247, 270, 278, 249, 235, 257, 280, 329, 346, 330, 416, 419, 385, 369, 391, 276, 321, 261, 311, 296, 337, 266, 258, 297, 325, 267, 265, 240, 232, 257, 255, 233, 260, 226, 223, 235, 197, 222, 251, 208, 145, 138, 122, 140, 156, 130, 98, 87, 143, 105, 65, 73, 81, 84, 63, 45, 44, 39, 52, 45, 55, 40, 80, 34, 29, 39, 55, 86, 52, 33, 30, 28, 57, 75, 74, 56, 47, 91",arduino
0,"60, 51, 71, 43, 38, 37, 26, 58, 171, 194, 241, 301, 307, 322, 284, 355, 377, 366, 359, 313, 273, 170, 129, 128, 119, 132, 170, 220, 171, 150, 139, 125, 142, 123, 84, 77, 64, 76, 84, 104, 247, 338, 322, 296, 358, 272, 345, 368, 397, 403, 406, 433, 546, 572, 553, 535, 617, 691, 700, 718, 624, 634, 714, 595, 734, 734, 659, 671, 513, 476, 458, 430, 355, 325, 496, 572, 627, 731, 738, 556, 563, 670, 570, 563, 577, 533, 509, 436, 399, 382, 334, 281, 248, 205, 206, 177, 122, 108, 100, 96, 106, 71, 78, 79, 40, 45, 36, 36, 52, 30, 39, 45, 51, 40, 51, 43, 57, 46, 49, 27, 31, 31, 31, 25, 28, 56, 43, 58",arduino
0,"65, 90, 111, 81, 85, 77, 75, 112, 243, 333, 299, 302, 308, 273, 249, 250, 237, 258, 312, 316, 297, 288, 292, 260, 213, 261, 236, 215, 236, 246, 267, 345, 388, 396, 414, 509, 435, 478, 534, 462, 473, 505, 471, 497, 456, 451, 501, 317, 356, 247, 210, 226, 222, 221, 165, 156, 112, 88, 90, 90, 105, 71, 82, 44, 77, 47, 33, 53, 52, 41, 61, 71, 46, 40, 58, 40, 40, 41, 46, 32, 31, 21, 36, 29, 41, 25, 35, 48, 39, 25, 34, 53, 43, 68, 32, 31, 33, 38, 85, 33, 43, 21, 53, 50, 59, 41, 49, 78, 32, 99, 39, 73, 47, 48, 78, 53, 107, 90, 88, 56, 79, 77, 115, 151, 87, 128, 50, 87",arduino
0,"102, 191, 214, 205, 207, 182, 205, 183, 187, 210, 226, 184, 163, 145, 155, 173, 187, 166, 135, 93, 112, 102, 122, 113, 132, 123, 91, 55, 77, 123, 208, 289, 359, 310, 320, 326, 422, 430, 418, 495, 544, 429, 598, 688, 545, 592, 573, 513, 581, 641, 549, 711, 579, 350, 293, 271, 300, 291, 316, 393, 453, 412, 484, 559, 486, 415, 354, 396, 364, 316, 345, 288, 291, 233, 235, 216, 186, 157, 147, 138, 98, 91, 87, 104, 78, 118, 135, 132, 114, 125, 99, 146, 179, 161, 162, 164, 114, 88, 56, 54, 48, 55, 52, 64, 53, 34, 39, 40, 42, 35, 30, 25, 34, 29, 17, 26, 49, 25, 80, 63, 102, 99, 121, 159, 141, 118, 109, 136",arduino
0,"276, 391, 401, 359, 388, 366, 334, 325, 359, 221, 201, 188, 227, 222, 226, 242, 343, 350, 400, 314, 318, 324, 315, 290, 296, 262, 311, 285, 251, 207, 235, 200, 178, 167, 172, 120, 129, 90, 95, 75, 78, 80, 77, 71, 73, 52, 42, 38, 58, 81, 49, 30, 27, 35, 42, 74, 82, 35, 31, 56, 88, 128, 130, 104, 115, 84, 70, 72, 82, 120, 116, 95, 59, 33, 31, 31, 27, 30, 29, 66, 69, 51, 54, 25, 23, 40, 32, 39, 45, 69, 53, 32, 48, 59, 79, 61, 34, 37, 28, 33, 29, 28, 36, 26, 41, 46, 38, 73, 101, 78, 73, 81, 59, 72, 59, 69, 86, 58, 39, 38, 46, 50, 28, 51, 92, 105, 118, 98",arduino
0,"117, 130, 106, 91, 67, 60, 91, 68, 37, 45, 37, 29, 30, 30, 37, 23, 35, 59, 74, 68, 53, 29, 57, 55, 69, 46, 48, 42, 30, 37, 49, 54, 72, 113, 117, 139, 139, 163, 170, 172, 149, 147, 163, 153, 143, 106, 87, 97, 69, 83, 107, 69, 105, 95, 86, 123, 144, 152, 170, 158, 181, 209, 277, 360, 411, 414, 318, 368, 426, 456, 503, 488, 455, 396, 337, 335, 392, 270, 234, 235, 340, 245, 241, 247, 330, 353, 386, 396, 329, 297, 338, 308, 308, 267, 242, 270, 234, 254, 173, 173, 186, 152, 140, 99, 73, 91, 98, 75, 69, 91, 76, 57, 41, 40, 39, 33, 47, 36, 52, 44, 62, 45, 54, 60, 72, 60, 37, 64",arduino
0,"51, 47, 50, 47, 49, 52, 71, 41, 54, 46, 45, 64, 39, 62, 45, 48, 39, 33, 44, 37, 48, 39, 69, 62, 40, 70, 97, 61, 47, 43, 38, 42, 29, 73, 76, 103, 51, 52, 122, 162, 192, 168, 176, 177, 138, 77, 62, 89, 89, 102, 96, 92, 63, 89, 70, 72, 72, 128, 183, 251, 176, 192, 188, 168, 151, 190, 285, 276, 344, 348, 349, 403, 420, 467, 438, 488, 564, 477, 331, 293, 313, 309, 231, 178, 284, 274, 209, 225, 327, 316, 287, 315, 334, 325, 279, 277, 265, 258, 242, 246, 202, 204, 202, 172, 139, 95, 114, 91, 93, 100, 67, 76, 99, 71, 51, 55, 47, 50, 51, 54, 56, 73, 72, 35, 38, 40, 42, 65",arduino
0,"33, 38, 59, 40, 55, 37, 63, 32, 38, 42, 38, 34, 21, 29, 56, 29, 29, 37, 59, 29, 25, 26, 39, 39, 28, 43, 38, 34, 33, 78, 85, 88, 91, 105, 183, 185, 208, 202, 235, 220, 235, 224, 210, 211, 213, 179, 184, 158, 111, 89, 99, 78, 56, 101, 109, 89, 290, 417, 461, 448, 442, 376, 360, 356, 377, 444, 440, 435, 390, 382, 505, 459, 413, 441, 466, 479, 444, 477, 346, 235, 221, 266, 278, 237, 260, 329, 366, 451, 447, 377, 337, 348, 338, 309, 300, 226, 266, 199, 255, 177, 212, 167, 119, 137, 124, 77, 102, 101, 116, 109, 93, 82, 81, 105, 75, 89, 37, 78, 56, 56, 45, 66, 86, 84, 83, 43, 60, 37",arduino
0,"45, 46, 60, 67, 37, 35, 36, 82, 100, 72, 58, 26, 29, 49, 41, 38, 26, 47, 54, 57, 98, 102, 132, 170, 188, 192, 178, 155, 172, 165, 126, 103, 88, 89, 89, 67, 100, 65, 84, 58, 60, 83, 142, 178, 246, 160, 170, 168, 160, 206, 232, 257, 272, 365, 405, 401, 423, 505, 485, 566, 597, 547, 593, 563, 521, 570, 563, 451, 429, 297, 250, 287, 216, 218, 266, 305, 267, 326, 426, 424, 423, 390, 319, 376, 343, 289, 292, 204, 240, 174, 246, 204, 202, 174, 160, 116, 122, 102, 68, 56, 62, 79, 38, 46, 52, 62, 39, 48, 37, 48, 30, 31, 60, 62, 51, 59, 38, 28, 35, 63, 66, 37, 37, 32, 29, 28, 28, 44",arduino
0,"50, 52, 75, 93, 82, 72, 80, 98, 156, 106, 107, 112, 110, 143, 128, 115, 117, 148, 163, 168, 123, 178, 161, 114, 87, 71, 113, 114, 115, 80, 65, 66, 83, 109, 123, 206, 203, 213, 234, 212, 245, 251, 234, 218, 184, 182, 191, 180, 130, 147, 149, 166, 129, 111, 110, 90, 113, 96, 100, 88, 158, 250, 292, 342, 433, 568, 783, 652, 1588, 807, 969, 796, 661, 504, 615, 702, 708, 741, 634, 341, 357, 348, 380, 331, 325, 456, 423, 469, 497, 548, 496, 503, 413, 506, 557, 472, 466, 445, 343, 311, 333, 287, 239, 274, 270, 234, 246, 211, 199, 176, 155, 168, 220, 219, 180, 169, 190, 221, 192, 176, 160, 178, 201, 168, 193, 179, 196, 186",arduino
0,"73, 96, 76, 56, 82, 84, 77, 64, 83, 74, 58, 101, 104, 90, 95, 55, 89, 121, 60, 66, 71, 128, 414, 330, 586, 647, 541, 600, 530, 472, 483, 474, 416, 435, 455, 429, 434, 340, 306, 260, 214, 211, 249, 195, 154, 226, 474, 1033, 1233, 1137, 1107, 1041, 1095, 1250, 1331, 1140, 938, 1359, 1236, 1292, 1436, 1159, 1336, 1473, 1226, 1470, 825, 706, 778, 709, 613, 501, 788, 908, 833, 771, 810, 981, 760, 688, 788, 859, 690, 725, 654, 711, 768, 724, 798, 818, 773, 717, 704, 682, 643, 639, 483, 441, 376, 351, 231, 202, 178, 143, 151, 89, 69, 59, 84, 73, 60, 102, 136, 155, 217, 166, 193, 166, 213, 212, 243, 219, 275, 248, 250, 293, 301, 318",arduino
0,"149, 107, 121, 114, 107, 87, 82, 76, 64, 54, 37, 40, 66, 84, 41, 63, 65, 140, 113, 86, 70, 108, 105, 102, 105, 302, 385, 447, 465, 388, 396, 374, 236, 257, 195, 188, 143, 159, 130, 189, 145, 170, 150, 113, 111, 113, 238, 300, 404, 542, 618, 638, 1021, 1087, 899, 1160, 1093, 777, 844, 688, 688, 670, 619, 722, 630, 554, 510, 319, 347, 483, 415, 352, 316, 320, 464, 465, 517, 476, 460, 505, 467, 405, 310, 325, 266, 364, 314, 277, 266, 314, 298, 212, 150, 122, 143, 163, 152, 107, 81, 87, 80, 106, 66, 42, 87, 124, 62, 66, 58, 110, 101, 134, 159, 196, 162, 115, 102, 126, 156, 141, 112, 92, 65, 87, 52, 48, 82, 57",arduino
0,"70, 53, 45, 53, 33, 33, 42, 31, 34, 39, 38, 58, 58, 98, 49, 56, 80, 94, 118, 118, 76, 57, 53, 31, 53, 60, 60, 149, 103, 46, 29, 51, 51, 104, 114, 144, 164, 170, 108, 108, 89, 113, 105, 110, 56, 56, 56, 50, 56, 44, 69, 169, 169, 139, 238, 169, 170, 227, 297, 297, 285, 303, 329, 457, 483, 522, 522, 640, 707, 668, 667, 476, 560, 560, 487, 497, 452, 517, 394, 394, 329, 397, 371, 285, 300, 274, 274, 319, 357, 448, 471, 402, 336, 336, 370, 324, 248, 248, 303, 188, 188, 241, 199, 169, 108, 123, 123, 120, 129, 110, 97, 96, 71, 71, 102, 182, 195, 146, 97, 95, 95, 85, 53, 72, 35, 57, 57, 70",arduino
0,"147, 159, 159, 188, 158, 172, 134, 130, 133, 114, 116, 123, 101, 101, 38, 37, 61, 49, 51, 54, 58, 92, 105, 94, 37, 43, 33, 45, 85, 110, 83, 43, 30, 65, 44, 53, 65, 73, 114, 111, 48, 98, 68, 92, 82, 82, 76, 70, 74, 97, 105, 124, 110, 103, 77, 61, 123, 104, 187, 144, 163, 177, 201, 252, 311, 324, 296, 323, 357, 344, 369, 371, 407, 369, 411, 431, 446, 417, 369, 332, 201, 226, 244, 247, 311, 258, 233, 398, 516, 455, 547, 556, 511, 596, 560, 545, 543, 483, 513, 516, 355, 430, 357, 420, 355, 224, 246, 200, 228, 166, 151, 91, 140, 116, 100, 102, 150, 172, 138, 157, 123, 105, 110, 66, 66, 113, 108, 95",arduino
0,"37, 44, 32, 46, 67, 60, 59, 83, 108, 106, 46, 42, 47, 105, 88, 59, 71, 106, 91, 98, 91, 105, 73, 45, 43, 46, 58, 56, 82, 81, 88, 114, 110, 116, 154, 123, 122, 98, 113, 100, 122, 168, 320, 349, 428, 546, 513, 296, 204, 146, 126, 111, 106, 116, 110, 101, 105, 86, 94, 141, 271, 503, 469, 353, 266, 369, 472, 358, 232, 286, 231, 365, 425, 474, 461, 309, 348, 334, 330, 319, 349, 373, 395, 353, 226, 222, 333, 220, 227, 134, 220, 317, 245, 360, 434, 538, 694, 755, 728, 820, 645, 629, 603, 536, 743, 567, 556, 565, 582, 634, 428, 267, 471, 478, 231, 287, 228, 209, 150, 184, 130, 156, 117, 154, 139, 175, 136, 133",arduino
0,"84, 59, 63, 72, 41, 61, 45, 48, 145, 155, 151, 343, 454, 455, 384, 412, 408, 478, 503, 452, 418, 397, 402, 358, 390, 517, 355, 547, 447, 417, 452, 419, 351, 200, 123, 152, 135, 114, 130, 223, 286, 260, 422, 541, 606, 609, 683, 717, 703, 613, 681, 601, 626, 549, 608, 532, 391, 594, 675, 692, 701, 625, 430, 377, 401, 451, 435, 452, 423, 496, 471, 478, 465, 332, 395, 320, 246, 123, 121, 117, 100, 66, 84, 101, 150, 187, 145, 275, 423, 463, 547, 562, 565, 506, 525, 502, 545, 472, 327, 218, 185, 248, 294, 213, 198, 156, 155, 144, 137, 129, 72, 147, 181, 272, 344, 335, 350, 375, 399, 375, 463, 506, 421, 329, 389, 321, 383, 337",arduino
0,"33, 69, 65, 86, 44, 79, 80, 112, 83, 134, 179, 187, 245, 178, 190, 189, 168, 171, 140, 124, 119, 119, 84, 77, 65, 71, 56, 77, 90, 72, 120, 163, 164, 249, 203, 189, 176, 243, 239, 239, 354, 418, 353, 441, 466, 459, 572, 518, 503, 487, 536, 521, 489, 231, 283, 176, 201, 282, 275, 234, 199, 199, 298, 313, 300, 266, 250, 253, 210, 228, 225, 193, 141, 156, 111, 91, 101, 121, 112, 115, 116, 114, 90, 68, 51, 59, 78, 62, 38, 48, 38, 41, 59, 40, 59, 43, 84, 81, 78, 78, 44, 50, 70, 31, 29, 37, 49, 58, 40, 38, 46, 87, 76, 76, 69, 100, 89, 75, 72, 74, 89, 79, 87, 89, 81, 101, 125, 120",arduino
0,"97, 85, 80, 94, 84, 101, 72, 162, 232, 340, 364, 452, 401, 528, 492, 497, 555, 505, 502, 477, 340, 179, 195, 172, 158, 159, 180, 126, 131, 148, 190, 378, 410, 669, 510, 474, 566, 656, 865, 1149, 1264, 1300, 949, 1356, 1306, 1611, 1454, 1559, 1595, 1494, 1489, 1346, 1501, 1201, 1621, 1521, 1519, 1597, 738, 878, 814, 912, 856, 1193, 1438, 1785, 1923, 1723, 1710, 2220, 2094, 1721, 1759, 1559, 1331, 1105, 983, 889, 862, 798, 614, 575, 489, 328, 413, 233, 153, 143, 138, 126, 89, 77, 70, 100, 71, 66, 72, 34, 61, 42, 66, 80, 66, 43, 60, 35, 72, 39, 34, 39, 82, 124, 114, 88, 88, 27, 33, 58, 52, 52, 73, 65, 88, 57, 39, 66, 74, 84",arduino
0,"44, 63, 114, 145, 120, 123, 114, 53, 34, 42, 66, 79, 94, 62, 41, 74, 66, 77, 103, 126, 104, 75, 114, 115, 86, 90, 77, 59, 75, 62, 37, 33, 46, 46, 53, 76, 57, 62, 80, 71, 104, 130, 161, 123, 156, 146, 137, 190, 196, 162, 196, 207, 216, 218, 207, 209, 185, 177, 181, 160, 159, 145, 194, 236, 261, 325, 326, 386, 372, 383, 476, 517, 488, 515, 525, 640, 631, 462, 454, 603, 482, 421, 372, 407, 452, 400, 379, 482, 430, 649, 675, 623, 746, 848, 704, 631, 841, 644, 437, 521, 377, 409, 403, 390, 311, 239, 218, 154, 154, 191, 161, 142, 145, 152, 169, 174, 210, 212, 230, 250, 264, 219, 165, 169, 175, 176, 199, 184",arduino
0,"53, 35, 53, 81, 114, 113, 67, 48, 42, 50, 37, 85, 77, 63, 47, 51, 47, 30, 40, 38, 49, 42, 40, 41, 47, 32, 37, 28, 41, 44, 49, 57, 41, 29, 50, 41, 58, 102, 40, 33, 43, 39, 35, 43, 65, 74, 55, 52, 104, 71, 89, 88, 116, 113, 144, 153, 205, 171, 117, 138, 107, 69, 112, 125, 115, 100, 93, 53, 55, 53, 127, 182, 159, 144, 224, 243, 368, 350, 410, 452, 388, 510, 530, 511, 662, 538, 633, 484, 550, 570, 584, 504, 460, 429, 316, 300, 325, 301, 277, 367, 363, 446, 493, 375, 350, 366, 371, 323, 251, 289, 241, 216, 164, 131, 115, 92, 82, 108, 68, 94, 96, 40, 51, 48, 46, 62, 42, 36",arduino
0,"66, 107, 92, 79, 42, 40, 107, 66, 94, 27, 32, 36, 52, 49, 70, 103, 74, 41, 32, 38, 86, 64, 86, 54, 67, 46, 40, 57, 47, 70, 89, 124, 59, 41, 104, 114, 153, 220, 207, 258, 319, 267, 200, 160, 154, 164, 102, 80, 67, 136, 229, 254, 328, 279, 230, 191, 228, 273, 303, 368, 397, 443, 524, 586, 1619, 1139, 1361, 887, 794, 809, 980, 948, 994, 814, 726, 616, 581, 605, 576, 561, 755, 877, 1057, 1108, 1300, 1241, 1531, 1551, 1599, 1545, 1361, 1365, 1062, 1274, 1307, 1107, 1029, 812, 696, 591, 425, 457, 303, 293, 277, 271, 241, 226, 180, 176, 99, 109, 99, 135, 89, 105, 61, 64, 61, 35, 54, 69, 59, 73, 48, 42, 38, 50",arduino
0,"126, 80, 80, 88, 98, 85, 78, 94, 76, 75, 75, 90, 98, 84, 66, 89, 89, 67, 66, 50, 62, 62, 57, 74, 74, 93, 70, 88, 100, 57, 95, 75, 132, 143, 127, 113, 127, 166, 149, 347, 386, 489, 489, 585, 627, 611, 407, 269, 225, 184, 172, 138, 138, 119, 140, 314, 436, 503, 479, 407, 413, 479, 666, 818, 966, 3811, 4502, 3728, 2653, 5792, 5792, 4707, 5792, 2383, 2451, 1859, 1802, 1804, 2095, 2354, 2279, 2217, 2048, 1377, 1440, 1258, 1302, 1383, 1388, 1743, 2065, 2259, 2364, 2057, 2210, 2691, 2504, 2156, 2011, 1684, 1469, 1537, 1182, 951, 1018, 810, 743, 603, 499, 467, 366, 348, 278, 329, 236, 211, 173, 119, 78, 70, 72, 47, 58, 49, 56, 63, 97, 139",arduino
0,"42, 57, 47, 81, 53, 54, 90, 55, 56, 58, 44, 52, 46, 42, 48, 47, 52, 29, 43, 53, 54, 51, 44, 31, 36, 59, 46, 53, 38, 79, 51, 35, 87, 54, 32, 42, 41, 65, 67, 69, 85, 115, 91, 61, 73, 60, 99, 98, 93, 141, 125, 128, 87, 86, 89, 123, 85, 64, 81, 62, 110, 106, 122, 124, 176, 195, 220, 218, 199, 148, 112, 109, 61, 75, 96, 152, 219, 347, 274, 188, 215, 222, 316, 369, 399, 450, 397, 410, 631, 613, 592, 670, 716, 583, 682, 554, 554, 656, 401, 340, 417, 343, 298, 312, 332, 450, 513, 629, 640, 547, 463, 490, 432, 371, 448, 402, 374, 352, 286, 222, 191, 175, 137, 221, 138, 130, 82, 87",arduino
0,"62, 40, 36, 54, 46, 57, 39, 43, 100, 71, 58, 35, 40, 46, 42, 53, 46, 54, 39, 48, 36, 52, 78, 41, 35, 42, 36, 68, 45, 49, 54, 48, 34, 82, 126, 143, 254, 257, 311, 332, 399, 431, 439, 410, 435, 374, 367, 263, 177, 170, 157, 149, 122, 148, 151, 132, 342, 801, 841, 906, 910, 853, 856, 964, 705, 687, 782, 806, 623, 607, 519, 464, 408, 415, 519, 447, 482, 572, 706, 782, 648, 594, 529, 402, 380, 424, 420, 284, 346, 284, 302, 260, 206, 227, 223, 280, 207, 218, 242, 305, 331, 310, 317, 309, 320, 301, 270, 303, 294, 343, 235, 227, 156, 148, 67, 29, 55, 56, 99, 82, 66, 52, 65, 140, 117, 198, 193, 190",arduino
0,"111, 54, 48, 49, 44, 54, 50, 69, 60, 60, 48, 56, 76, 122, 99, 99, 90, 59, 77, 65, 78, 136, 125, 142, 228, 263, 287, 291, 300, 343, 344, 335, 323, 332, 315, 163, 164, 172, 115, 87, 98, 106, 91, 70, 81, 45, 52, 38, 52, 96, 62, 214, 400, 445, 472, 574, 549, 587, 629, 617, 730, 622, 629, 955, 828, 714, 782, 968, 830, 813, 1029, 776, 777, 912, 701, 642, 478, 420, 409, 406, 393, 465, 445, 523, 679, 702, 855, 914, 783, 721, 768, 721, 577, 530, 447, 494, 503, 471, 434, 523, 416, 432, 360, 428, 332, 365, 325, 305, 308, 246, 212, 262, 137, 166, 139, 170, 201, 149, 115, 75, 92, 105, 107, 114, 130, 87, 34, 42",arduino
0,"65, 46, 57, 98, 93, 96, 62, 72, 62, 41, 60, 68, 108, 108, 88, 50, 74, 62, 111, 118, 114, 87, 92, 54, 28, 28, 62, 101, 80, 66, 43, 58, 81, 39, 54, 74, 89, 99, 27, 25, 27, 64, 26, 48, 31, 40, 80, 94, 75, 94, 245, 243, 273, 349, 345, 348, 383, 351, 319, 311, 295, 289, 310, 327, 248, 197, 206, 142, 131, 162, 178, 226, 215, 163, 127, 126, 129, 179, 410, 423, 446, 454, 441, 460, 484, 642, 661, 828, 903, 871, 548, 533, 658, 704, 708, 744, 754, 808, 707, 659, 705, 713, 581, 489, 502, 493, 518, 459, 410, 387, 413, 423, 388, 459, 500, 457, 452, 467, 434, 458, 513, 467, 444, 431, 403, 423, 294, 309",arduino
0,"106, 75, 79, 61, 48, 52, 43, 61, 52, 33, 37, 39, 36, 26, 31, 39, 44, 27, 31, 32, 41, 46, 51, 41, 50, 40, 50, 35, 29, 154, 202, 211, 269, 337, 315, 180, 165, 169, 179, 223, 663, 721, 749, 739, 781, 844, 767, 735, 778, 623, 628, 636, 389, 374, 337, 417, 473, 428, 384, 361, 465, 391, 399, 375, 400, 326, 378, 268, 257, 189, 151, 160, 94, 133, 78, 109, 59, 74, 62, 38, 33, 67, 51, 70, 53, 38, 49, 37, 46, 49, 37, 43, 97, 131, 127, 119, 104, 90, 96, 135, 140, 125, 88, 87, 100, 82, 86, 70, 78, 74, 61, 46, 67, 26, 33, 41, 31, 59, 50, 86, 47, 44, 39, 26, 27, 27, 19, 27",arduino
0,"391, 325, 318, 344, 384, 421, 356, 397, 396, 330, 342, 370, 356, 342, 363, 314, 329, 319, 270, 225, 204, 179, 185, 213, 179, 138, 137, 151, 172, 191, 204, 219, 270, 310, 347, 343, 311, 245, 273, 299, 238, 162, 135, 135, 97, 143, 142, 142, 151, 137, 220, 484, 576, 572, 638, 613, 643, 706, 585, 473, 555, 710, 768, 752, 689, 622, 663, 611, 585, 647, 574, 551, 551, 653, 579, 554, 620, 473, 338, 326, 331, 383, 318, 371, 399, 444, 354, 340, 497, 496, 474, 525, 527, 492, 463, 368, 412, 399, 313, 298, 302, 230, 288, 233, 187, 192, 116, 154, 141, 98, 87, 86, 79, 74, 57, 97, 61, 81, 70, 47, 42, 35, 45, 35, 37, 28, 41, 37",arduino
0,"122, 122, 142, 168, 171, 105, 115, 76, 61, 82, 48, 69, 31, 31, 33, 32, 29, 33, 54, 90, 98, 47, 35, 21, 52, 71, 78, 101, 61, 84, 48, 36, 33, 64, 87, 106, 93, 73, 62, 35, 40, 89, 89, 83, 69, 31, 28, 25, 59, 84, 85, 82, 65, 94, 68, 73, 42, 77, 103, 52, 39, 70, 47, 52, 35, 41, 52, 52, 40, 57, 125, 81, 56, 25, 33, 37, 27, 23, 63, 58, 46, 52, 87, 41, 28, 40, 23, 41, 31, 54, 49, 70, 61, 44, 29, 45, 80, 62, 59, 32, 73, 42, 43, 68, 74, 103, 37, 21, 63, 56, 31, 35, 50, 92, 74, 59, 55, 53, 76, 42, 54, 56, 59, 72, 40, 35, 57, 66",arduino
0,"47, 86, 72, 83, 98, 105, 145, 112, 117, 151, 176, 206, 175, 130, 161, 149, 153, 160, 150, 171, 160, 143, 134, 121, 142, 131, 96, 105, 124, 126, 125, 66, 78, 107, 130, 75, 52, 34, 29, 34, 26, 47, 63, 151, 193, 214, 246, 261, 310, 302, 223, 148, 113, 107, 108, 85, 89, 95, 92, 117, 127, 397, 713, 840, 819, 681, 628, 817, 817, 741, 785, 1217, 1061, 1260, 1153, 1273, 1304, 993, 1263, 983, 852, 935, 778, 811, 847, 522, 447, 422, 633, 481, 516, 414, 444, 446, 483, 480, 506, 378, 440, 358, 348, 308, 201, 269, 229, 173, 154, 172, 146, 127, 85, 63, 72, 46, 53, 59, 54, 46, 45, 35, 44, 53, 91, 55, 34, 59, 65, 96",arduino
0,"51, 29, 33, 39, 36, 47, 58, 34, 42, 34, 33, 34, 29, 31, 40, 33, 48, 37, 49, 85, 61, 52, 81, 51, 195, 194, 298, 270, 339, 377, 369, 188, 168, 145, 127, 122, 153, 144, 132, 86, 94, 82, 71, 277, 368, 420, 528, 680, 474, 509, 794, 1245, 3026, 977, 1514, 1899, 2921, 1943, 1610, 1302, 1148, 936, 1075, 857, 1024, 1090, 1186, 1285, 1083, 1044, 757, 741, 753, 702, 496, 590, 556, 615, 723, 810, 1011, 1024, 823, 757, 592, 603, 519, 565, 633, 541, 458, 467, 405, 274, 353, 312, 292, 228, 221, 206, 165, 142, 165, 143, 149, 141, 107, 115, 85, 94, 97, 74, 77, 65, 71, 104, 138, 89, 92, 64, 104, 126, 90, 74, 86, 79, 120, 140",arduino
0,"146, 125, 139, 101, 88, 53, 84, 40, 63, 59, 38, 37, 40, 31, 47, 30, 24, 40, 55, 47, 48, 37, 70, 53, 47, 37, 39, 26, 55, 54, 50, 39, 41, 142, 324, 452, 516, 542, 516, 527, 569, 561, 546, 356, 201, 200, 304, 330, 364, 401, 387, 385, 279, 258, 233, 192, 157, 155, 177, 154, 181, 471, 1005, 1206, 1204, 1092, 1016, 1167, 1099, 804, 829, 740, 677, 631, 597, 634, 626, 690, 741, 840, 1150, 948, 899, 1029, 953, 790, 613, 547, 545, 578, 501, 506, 431, 441, 413, 375, 417, 355, 204, 251, 283, 319, 283, 237, 235, 220, 257, 220, 113, 117, 134, 108, 66, 33, 73, 98, 101, 52, 53, 146, 181, 204, 145, 89, 56, 37, 35, 53",arduino
0,"47, 45, 31, 55, 24, 49, 33, 42, 26, 45, 37, 47, 51, 92, 84, 152, 169, 224, 276, 270, 343, 342, 423, 379, 162, 151, 131, 146, 105, 117, 120, 102, 63, 51, 66, 57, 54, 282, 269, 301, 267, 374, 495, 395, 1776, 941, 1267, 1195, 696, 1180, 1327, 1270, 891, 1476, 1114, 896, 1236, 1029, 993, 1214, 1032, 1163, 1094, 827, 632, 723, 608, 537, 518, 450, 576, 670, 825, 1017, 889, 866, 761, 672, 594, 638, 528, 457, 437, 472, 407, 321, 245, 200, 195, 219, 182, 141, 144, 117, 92, 85, 89, 137, 97, 90, 54, 49, 74, 96, 126, 131, 108, 67, 88, 61, 88, 127, 112, 120, 69, 58, 52, 67, 82, 39, 24, 27, 25, 41, 34, 32, 25, 30",arduino
0,"36, 36, 35, 45, 91, 50, 64, 93, 45, 99, 143, 226, 247, 244, 241, 282, 332, 299, 224, 233, 177, 170, 162, 177, 143, 131, 133, 92, 188, 246, 192, 156, 219, 328, 355, 369, 381, 473, 568, 679, 759, 912, 844, 821, 881, 800, 1023, 743, 875, 825, 860, 808, 780, 730, 508, 572, 484, 449, 452, 471, 445, 436, 524, 617, 764, 870, 806, 693, 640, 533, 570, 563, 509, 413, 443, 294, 329, 274, 249, 197, 146, 162, 158, 124, 75, 75, 136, 140, 112, 53, 107, 64, 89, 87, 78, 113, 119, 132, 97, 76, 96, 95, 96, 95, 103, 90, 99, 44, 44, 30, 37, 56, 74, 30, 58, 40, 35, 35, 63, 42, 43, 48, 84, 102, 109, 95, 91, 140",arduino
0,"100, 43, 45, 58, 108, 95, 60, 38, 40, 77, 76, 40, 44, 36, 62, 92, 93, 85, 63, 24, 75, 79, 101, 332, 374, 487, 534, 553, 487, 563, 591, 460, 356, 303, 206, 171, 144, 158, 171, 179, 183, 142, 123, 265, 663, 758, 669, 1295, 878, 788, 675, 780, 927, 792, 1131, 1029, 1034, 961, 995, 1005, 850, 983, 728, 1028, 906, 1033, 807, 673, 739, 571, 590, 554, 500, 600, 537, 809, 921, 810, 711, 672, 639, 593, 618, 527, 451, 435, 327, 340, 366, 321, 269, 232, 181, 228, 206, 182, 169, 192, 143, 143, 182, 151, 135, 67, 65, 57, 48, 30, 32, 48, 47, 28, 30, 40, 78, 59, 57, 46, 59, 89, 73, 64, 100, 118, 118, 113, 78, 80",arduino
0,"58, 30, 37, 43, 32, 26, 38, 31, 25, 44, 52, 49, 33, 37, 47, 67, 76, 48, 51, 36, 65, 30, 40, 53, 74, 47, 25, 28, 29, 72, 34, 31, 54, 91, 135, 168, 189, 216, 252, 268, 288, 142, 95, 101, 94, 88, 61, 62, 76, 88, 88, 74, 140, 199, 228, 295, 337, 279, 314, 335, 395, 483, 511, 592, 717, 575, 662, 661, 685, 696, 573, 659, 480, 633, 493, 589, 464, 324, 393, 273, 396, 448, 357, 428, 408, 476, 476, 460, 494, 506, 561, 540, 594, 609, 512, 406, 341, 332, 304, 292, 359, 230, 257, 273, 197, 162, 151, 110, 101, 93, 89, 93, 110, 76, 80, 58, 82, 67, 107, 101, 125, 100, 56, 43, 44, 107, 116, 121",arduino
0,"40, 57, 27, 45, 82, 149, 169, 280, 344, 352, 336, 322, 322, 264, 225, 220, 141, 123, 126, 99, 96, 81, 102, 106, 84, 90, 91, 298, 629, 661, 693, 697, 707, 795, 813, 875, 834, 637, 771, 866, 811, 798, 823, 875, 802, 625, 357, 234, 351, 358, 414, 457, 363, 344, 448, 376, 512, 377, 288, 352, 275, 381, 271, 293, 277, 196, 230, 138, 131, 103, 144, 137, 112, 99, 100, 81, 64, 70, 80, 112, 105, 81, 45, 41, 58, 29, 42, 56, 74, 63, 28, 30, 28, 37, 32, 28, 34, 38, 33, 47, 74, 61, 25, 51, 49, 25, 30, 33, 27, 23, 40, 36, 39, 25, 45, 46, 28, 33, 33, 32, 31, 35, 36, 26, 35, 58, 93, 52",arduino
0,"85, 86, 124, 142, 161, 98, 82, 123, 150, 151, 89, 62, 64, 62, 47, 34, 30, 40, 63, 24, 39, 24, 43, 58, 75, 32, 43, 26, 33, 35, 27, 60, 98, 113, 146, 161, 214, 168, 105, 138, 76, 93, 81, 91, 112, 81, 72, 76, 224, 229, 225, 230, 263, 367, 391, 458, 479, 634, 651, 595, 729, 741, 641, 709, 585, 794, 634, 761, 790, 775, 722, 543, 501, 364, 289, 438, 382, 259, 362, 463, 468, 449, 423, 366, 333, 332, 342, 268, 276, 263, 289, 215, 193, 183, 130, 104, 78, 131, 107, 81, 85, 105, 75, 65, 53, 36, 69, 85, 51, 27, 41, 36, 31, 60, 35, 52, 45, 35, 45, 32, 53, 56, 46, 38, 39, 28, 28, 38",arduino
